inei,reniec,departamento,provincia,distrito
10101,10101,AMAZONAS,CHACHAPOYAS,CHACHAPOYAS
10102,10102,AMAZONAS,CHACHAPOYAS,ASUNCION
10103,10103,AMAZONAS,CHACHAPOYAS,BALSAS
10104,10104,AMAZONAS,CHACHAPOYAS,CHETO
10105,10105,AMAZONAS,CHACHAPOYAS,CHILIQUIN
10106,10106,AMAZONAS,CHACHAPOYAS,CHUQUIBAMBA
10107,10107,AMAZONAS,CHACHAPOYAS,GRANADA
10108,10108,AMAZONAS,CHACHAPOYAS,HUANCAS
10109,10109,AMAZONAS,CHACHAPOYAS,LA JALCA
10110,10110,AMAZONAS,CHACHAPOYAS,LEIMEBAMBA
10111,10111,AMAZONAS,CHACHAPOYAS,LEVANTO
10112,10112,AMAZONAS,CHACHAPOYAS,MAGDALENA
10113,10113,AMAZONAS,CHACHAPOYAS,MARISCAL CASTILLA
10114,10114,AMAZONAS,CHACHAPOYAS,MOLINOPAMPA
10115,10115,AMAZONAS,CHACHAPOYAS,MONTEVIDEO
10116,10116,AMAZONAS,CHACHAPOYAS,OLLEROS
10117,10117,AMAZONAS,CHACHAPOYAS,QUINJALCA
10118,10118,AMAZONAS,CHACHAPOYAS,SAN FRANCISCO DE DAGUAS
10119,10119,AMAZONAS,CHACHAPOYAS,SAN ISIDRO DE MAINO
10120,10120,AMAZONAS,CHACHAPOYAS,SOLOCO
10121,10121,AMAZONAS,CHACHAPOYAS,SONCHE
10201,10205,AMAZONAS,BAGUA,BAGUA
10202,10202,AMAZONAS,BAGUA,ARAMANGO
10203,10203,AMAZONAS,BAGUA,COPALLIN
10204,10204,AMAZONAS,BAGUA,EL PARCO
10205,10206,AMAZONAS,BAGUA,IMAZA
10206,10201,AMAZONAS,BAGUA,LA PECA
10301,10301,AMAZONAS,BONGARA,JUMBILLA
10302,10304,AMAZONAS,BONGARA,CHISQUILLA
10303,10305,AMAZONAS,BONGARA,CHURUJA
10304,10302,AMAZONAS,BONGARA,COROSHA
10305,10303,AMAZONAS,BONGARA,CUISPES
10306,10306,AMAZONAS,BONGARA,FLORIDA
10307,10312,AMAZONAS,BONGARA,JAZAN
10308,10307,AMAZONAS,BONGARA,RECTA
10309,10308,AMAZONAS,BONGARA,SAN CARLOS
10310,10309,AMAZONAS,BONGARA,SHIPASBAMBA
10311,10310,AMAZONAS,BONGARA,VALERA
10312,10311,AMAZONAS,BONGARA,YAMBRASBAMBA
10401,10601,AMAZONAS,CONDORCANQUI,NIEVA
10402,10603,AMAZONAS,CONDORCANQUI,EL CENEPA
10403,10602,AMAZONAS,CONDORCANQUI,RIO SANTIAGO
10501,10401,AMAZONAS,LUYA,LAMUD
10502,10402,AMAZONAS,LUYA,CAMPORREDONDO
10503,10403,AMAZONAS,LUYA,COCABAMBA
10504,10404,AMAZONAS,LUYA,COLCAMAR
10505,10405,AMAZONAS,LUYA,CONILA
10506,10406,AMAZONAS,LUYA,INGUILPATA
10507,10407,AMAZONAS,LUYA,LONGUITA
10508,10408,AMAZONAS,LUYA,LONYA CHICO
10509,10409,AMAZONAS,LUYA,LUYA
10510,10410,AMAZONAS,LUYA,LUYA VIEJO
10511,10411,AMAZONAS,LUYA,MARIA
10512,10412,AMAZONAS,LUYA,OCALLI
10513,10413,AMAZONAS,LUYA,OCUMAL
10514,10414,AMAZONAS,LUYA,PISUQUIA
10515,10423,AMAZONAS,LUYA,PROVIDENCIA
10516,10415,AMAZONAS,LUYA,SAN CRISTOBAL
10517,10416,AMAZONAS,LUYA,SAN FRANCISCO DEL YESO
10518,10417,AMAZONAS,LUYA,SAN JERONIMO
10519,10418,AMAZONAS,LUYA,SAN JUAN DE LOPECANCHA
10520,10419,AMAZONAS,LUYA,SANTA CATALINA
10521,10420,AMAZONAS,LUYA,SANTO TOMAS
10522,10421,AMAZONAS,LUYA,TINGO
10523,10422,AMAZONAS,LUYA,TRITA
10601,10501,AMAZONAS,RODRIGUEZ DE MENDOZA,SAN NICOLAS
10602,10503,AMAZONAS,RODRIGUEZ DE MENDOZA,CHIRIMOTO
10603,10502,AMAZONAS,RODRIGUEZ DE MENDOZA,COCHAMAL
10604,10504,AMAZONAS,RODRIGUEZ DE MENDOZA,HUAMBO
10605,10505,AMAZONAS,RODRIGUEZ DE MENDOZA,LIMABAMBA
10606,10506,AMAZONAS,RODRIGUEZ DE MENDOZA,LONGAR
10607,10508,AMAZONAS,RODRIGUEZ DE MENDOZA,MARISCAL BENAVIDES
10608,10507,AMAZONAS,RODRIGUEZ DE MENDOZA,MILPUC
10609,10509,AMAZONAS,RODRIGUEZ DE MENDOZA,OMIA
10610,10510,AMAZONAS,RODRIGUEZ DE MENDOZA,SANTA ROSA
10611,10511,AMAZONAS,RODRIGUEZ DE MENDOZA,TOTORA
10612,10512,AMAZONAS,RODRIGUEZ DE MENDOZA,VISTA ALEGRE
10701,10701,AMAZONAS,UTCUBAMBA,BAGUA GRANDE
10702,10702,AMAZONAS,UTCUBAMBA,CAJARURO
10703,10703,AMAZONAS,UTCUBAMBA,CUMBA
10704,10704,AMAZONAS,UTCUBAMBA,EL MILAGRO
10705,10705,AMAZONAS,UTCUBAMBA,JAMALCA
10706,10706,AMAZONAS,UTCUBAMBA,LONYA GRANDE
10707,10707,AMAZONAS,UTCUBAMBA,YAMON
20101,20101,ANCASH,HUARAZ,HUARAZ
20102,20103,ANCASH,HUARAZ,COCHABAMBA
20103,20104,ANCASH,HUARAZ,COLCABAMBA
20104,20105,ANCASH,HUARAZ,HUANCHAY
20105,20102,ANCASH,HUARAZ,INDEPENDENCIA
20106,20106,ANCASH,HUARAZ,JANGAS
20107,20107,ANCASH,HUARAZ,LA LIBERTAD
20108,20108,ANCASH,HUARAZ,OLLEROS
20109,20109,ANCASH,HUARAZ,PAMPAS
20110,20110,ANCASH,HUARAZ,PARIACOTO
20111,20111,ANCASH,HUARAZ,PIRA
20112,20112,ANCASH,HUARAZ,TARICA
20201,20201,ANCASH,AIJA,AIJA
20202,20203,ANCASH,AIJA,CORIS
20203,20205,ANCASH,AIJA,HUACLLAN
20204,20206,ANCASH,AIJA,LA MERCED
20205,20208,ANCASH,AIJA,SUCCHA
20301,21601,ANCASH,ANTONIO RAYMONDI,LLAMELLIN
20302,21602,ANCASH,ANTONIO RAYMONDI,ACZO
20303,21603,ANCASH,ANTONIO RAYMONDI,CHACCHO
20304,21604,ANCASH,ANTONIO RAYMONDI,CHINGAS
20305,21605,ANCASH,ANTONIO RAYMONDI,MIRGAS
20306,21606,ANCASH,ANTONIO RAYMONDI,SAN JUAN DE RONTOY
20401,21801,ANCASH,ASUNCION,CHACAS
20402,21802,ANCASH,ASUNCION,ACOCHACA
20501,20301,ANCASH,BOLOGNESI,CHIQUIAN
20502,20302,ANCASH,BOLOGNESI,ABELARDO PARDO LEZAMETA
20503,20321,ANCASH,BOLOGNESI,ANTONIO RAYMONDI
20504,20304,ANCASH,BOLOGNESI,AQUIA
20505,20305,ANCASH,BOLOGNESI,CAJACAY
20506,20322,ANCASH,BOLOGNESI,CANIS
20507,20323,ANCASH,BOLOGNESI,COLQUIOC
20508,20325,ANCASH,BOLOGNESI,HUALLANCA
20509,20311,ANCASH,BOLOGNESI,HUASTA
20510,20310,ANCASH,BOLOGNESI,HUAYLLACAYAN
20511,20324,ANCASH,BOLOGNESI,LA PRIMAVERA
20512,20313,ANCASH,BOLOGNESI,MANGAS
20513,20315,ANCASH,BOLOGNESI,PACLLON
20514,20317,ANCASH,BOLOGNESI,SAN MIGUEL DE CORPANQUI
20515,20320,ANCASH,BOLOGNESI,TICLLOS
20601,20401,ANCASH,CARHUAZ,CARHUAZ
20602,20402,ANCASH,CARHUAZ,ACOPAMPA
20603,20403,ANCASH,CARHUAZ,AMASHCA
20604,20404,ANCASH,CARHUAZ,ANTA
20605,20405,ANCASH,CARHUAZ,ATAQUERO
20606,20406,ANCASH,CARHUAZ,MARCARA
20607,20407,ANCASH,CARHUAZ,PARIAHUANCA
20608,20408,ANCASH,CARHUAZ,SAN MIGUEL DE ACO
20609,20409,ANCASH,CARHUAZ,SHILLA
20610,20410,ANCASH,CARHUAZ,TINCO
20611,20411,ANCASH,CARHUAZ,YUNGAR
20701,21701,ANCASH,CARLOS FERMIN FITZCARRALD,SAN LUIS
20702,21703,ANCASH,CARLOS FERMIN FITZCARRALD,SAN NICOLAS
20703,21702,ANCASH,CARLOS FERMIN FITZCARRALD,YAUYA
20801,20501,ANCASH,CASMA,CASMA
20802,20502,ANCASH,CASMA,BUENA VISTA ALTA
20803,20503,ANCASH,CASMA,COMANDANTE NOEL
20804,20505,ANCASH,CASMA,YAUTAN
20901,20601,ANCASH,CORONGO,CORONGO
20902,20602,ANCASH,CORONGO,ACO
20903,20603,ANCASH,CORONGO,BAMBAS
20904,20604,ANCASH,CORONGO,CUSCA
20905,20605,ANCASH,CORONGO,LA PAMPA
20906,20606,ANCASH,CORONGO,YANAC
20907,20607,ANCASH,CORONGO,YUPAN
21001,20801,ANCASH,HUARI,HUARI
21002,20816,ANCASH,HUARI,ANRA
21003,20802,ANCASH,HUARI,CAJAY
21004,20803,ANCASH,HUARI,CHAVIN DE HUANTAR
21005,20804,ANCASH,HUARI,HUACACHI
21006,20806,ANCASH,HUARI,HUACCHIS
21007,20805,ANCASH,HUARI,HUACHIS
21008,20807,ANCASH,HUARI,HUANTAR
21009,20808,ANCASH,HUARI,MASIN
21010,20809,ANCASH,HUARI,PAUCAS
21011,20810,ANCASH,HUARI,PONTO
21012,20811,ANCASH,HUARI,RAHUAPAMPA
21013,20812,ANCASH,HUARI,RAPAYAN
21014,20813,ANCASH,HUARI,SAN MARCOS
21015,20814,ANCASH,HUARI,SAN PEDRO DE CHANA
21016,20815,ANCASH,HUARI,UCO
21101,21901,ANCASH,HUARMEY,HUARMEY
21102,21902,ANCASH,HUARMEY,COCHAPETI
21103,21905,ANCASH,HUARMEY,CULEBRAS
21104,21903,ANCASH,HUARMEY,HUAYAN
21105,21904,ANCASH,HUARMEY,MALVAS
21201,20701,ANCASH,HUAYLAS,CARAZ
21202,20702,ANCASH,HUAYLAS,HUALLANCA
21203,20703,ANCASH,HUAYLAS,HUATA
21204,20704,ANCASH,HUAYLAS,HUAYLAS
21205,20705,ANCASH,HUAYLAS,MATO
21206,20706,ANCASH,HUAYLAS,PAMPAROMAS
21207,20707,ANCASH,HUAYLAS,PUEBLO LIBRE
21208,20708,ANCASH,HUAYLAS,SANTA CRUZ
21209,20710,ANCASH,HUAYLAS,SANTO TORIBIO
21210,20709,ANCASH,HUAYLAS,YURACMARCA
21301,20901,ANCASH,MARISCAL LUZURIAGA,PISCOBAMBA
21302,20902,ANCASH,MARISCAL LUZURIAGA,CASCA
21303,20908,ANCASH,MARISCAL LUZURIAGA,ELEAZAR GUZMAN BARRON
21304,20904,ANCASH,MARISCAL LUZURIAGA,FIDEL OLIVAS ESCUDERO
21305,20905,ANCASH,MARISCAL LUZURIAGA,LLAMA
21306,20906,ANCASH,MARISCAL LUZURIAGA,LLUMPA
21307,20903,ANCASH,MARISCAL LUZURIAGA,LUCMA
21308,20907,ANCASH,MARISCAL LUZURIAGA,MUSGA
21401,22007,ANCASH,OCROS,OCROS
21402,22001,ANCASH,OCROS,ACAS
21403,22002,ANCASH,OCROS,CAJAMARQUILLA
21404,22003,ANCASH,OCROS,CARHUAPAMPA
21405,22004,ANCASH,OCROS,COCHAS
21406,22005,ANCASH,OCROS,CONGAS
21407,22006,ANCASH,OCROS,LLIPA
21408,22008,ANCASH,OCROS,SAN CRISTOBAL DE RAJAN
21409,22009,ANCASH,OCROS,SAN PEDRO
21410,22010,ANCASH,OCROS,SANTIAGO DE CHILCAS
21501,21001,ANCASH,PALLASCA,CABANA
21502,21002,ANCASH,PALLASCA,BOLOGNESI
21503,21003,ANCASH,PALLASCA,CONCHUCOS
21504,21004,ANCASH,PALLASCA,HUACASCHUQUE
21505,21005,ANCASH,PALLASCA,HUANDOVAL
21506,21006,ANCASH,PALLASCA,LACABAMBA
21507,21007,ANCASH,PALLASCA,LLAPO
21508,21008,ANCASH,PALLASCA,PALLASCA
21509,21009,ANCASH,PALLASCA,PAMPAS
21510,21010,ANCASH,PALLASCA,SANTA ROSA
21511,21011,ANCASH,PALLASCA,TAUCA
21601,21101,ANCASH,POMABAMBA,POMABAMBA
21602,21102,ANCASH,POMABAMBA,HUAYLLAN
21603,21103,ANCASH,POMABAMBA,PAROBAMBA
21604,21104,ANCASH,POMABAMBA,QUINUABAMBA
21701,21201,ANCASH,RECUAY,RECUAY
21702,21210,ANCASH,RECUAY,CATAC
21703,21202,ANCASH,RECUAY,COTAPARACO
21704,21203,ANCASH,RECUAY,HUAYLLAPAMPA
21705,21209,ANCASH,RECUAY,LLACLLIN
21706,21204,ANCASH,RECUAY,MARCA
21707,21205,ANCASH,RECUAY,PAMPAS CHICO
21708,21206,ANCASH,RECUAY,PARARIN
21709,21207,ANCASH,RECUAY,TAPACOCHA
21710,21208,ANCASH,RECUAY,TICAPAMPA
21801,21301,ANCASH,SANTA,CHIMBOTE
21802,21302,ANCASH,SANTA,CACERES DEL PERU
21803,21308,ANCASH,SANTA,COISHCO
21804,21303,ANCASH,SANTA,MACATE
21805,21304,ANCASH,SANTA,MORO
21806,21305,ANCASH,SANTA,NEPEÑA
21807,21306,ANCASH,SANTA,SAMANCO
21808,21307,ANCASH,SANTA,SANTA
21809,21309,ANCASH,SANTA,NUEVO CHIMBOTE
21901,21401,ANCASH,SIHUAS,SIHUAS
21902,21407,ANCASH,SIHUAS,ACOBAMBA
21903,21402,ANCASH,SIHUAS,ALFONSO UGARTE
21904,21408,ANCASH,SIHUAS,CASHAPAMPA
21905,21403,ANCASH,SIHUAS,CHINGALPO
21906,21404,ANCASH,SIHUAS,HUAYLLABAMBA
21907,21405,ANCASH,SIHUAS,QUICHES
21908,21409,ANCASH,SIHUAS,RAGASH
21909,21410,ANCASH,SIHUAS,SAN JUAN
21910,21406,ANCASH,SIHUAS,SICSIBAMBA
22001,21501,ANCASH,YUNGAY,YUNGAY
22002,21502,ANCASH,YUNGAY,CASCAPARA
22003,21503,ANCASH,YUNGAY,MANCOS
22004,21504,ANCASH,YUNGAY,MATACOTO
22005,21505,ANCASH,YUNGAY,QUILLO
22006,21506,ANCASH,YUNGAY,RANRAHIRCA
22007,21507,ANCASH,YUNGAY,SHUPLUY
22008,21508,ANCASH,YUNGAY,YANAMA
30101,30101,APURIMAC,ABANCAY,ABANCAY
30102,30104,APURIMAC,ABANCAY,CHACOCHE
30103,30102,APURIMAC,ABANCAY,CIRCA
30104,30103,APURIMAC,ABANCAY,CURAHUASI
30105,30105,APURIMAC,ABANCAY,HUANIPACA
30106,30106,APURIMAC,ABANCAY,LAMBRAMA
30107,30107,APURIMAC,ABANCAY,PICHIRHUA
30108,30108,APURIMAC,ABANCAY,SAN PEDRO DE CACHORA
30109,30109,APURIMAC,ABANCAY,TAMBURCO
30201,30301,APURIMAC,ANDAHUAYLAS,ANDAHUAYLAS
30202,30302,APURIMAC,ANDAHUAYLAS,ANDARAPA
30203,30303,APURIMAC,ANDAHUAYLAS,CHIARA
30204,30304,APURIMAC,ANDAHUAYLAS,HUANCARAMA
30205,30305,APURIMAC,ANDAHUAYLAS,HUANCARAY
30206,30317,APURIMAC,ANDAHUAYLAS,HUAYANA
30207,30306,APURIMAC,ANDAHUAYLAS,KISHUARA
30208,30307,APURIMAC,ANDAHUAYLAS,PACOBAMBA
30209,30313,APURIMAC,ANDAHUAYLAS,PACUCHA
30210,30308,APURIMAC,ANDAHUAYLAS,PAMPACHIRI
30211,30314,APURIMAC,ANDAHUAYLAS,POMACOCHA
30212,30309,APURIMAC,ANDAHUAYLAS,SAN ANTONIO DE CACHI
30213,30310,APURIMAC,ANDAHUAYLAS,SAN JERONIMO
30214,30318,APURIMAC,ANDAHUAYLAS,SAN MIGUEL DE CHACCRAMPA
30215,30315,APURIMAC,ANDAHUAYLAS,SANTA MARIA DE CHICMO
30216,30311,APURIMAC,ANDAHUAYLAS,TALAVERA
30217,30316,APURIMAC,ANDAHUAYLAS,TUMAY HUARACA
30218,30312,APURIMAC,ANDAHUAYLAS,TURPO
30219,30319,APURIMAC,ANDAHUAYLAS,KAQUIABAMBA
30220,30320,APURIMAC,ANDAHUAYLAS,JOSE MARIA ARGUEDAS
30301,30401,APURIMAC,ANTABAMBA,ANTABAMBA
30302,30402,APURIMAC,ANTABAMBA,EL ORO
30303,30403,APURIMAC,ANTABAMBA,HUAQUIRCA
30304,30404,APURIMAC,ANTABAMBA,JUAN ESPINOZA MEDRANO
30305,30405,APURIMAC,ANTABAMBA,OROPESA
30306,30406,APURIMAC,ANTABAMBA,PACHACONAS
30307,30407,APURIMAC,ANTABAMBA,SABAINO
30401,30201,APURIMAC,AYMARAES,CHALHUANCA
30402,30202,APURIMAC,AYMARAES,CAPAYA
30403,30203,APURIMAC,AYMARAES,CARAYBAMBA
30404,30206,APURIMAC,AYMARAES,CHAPIMARCA
30405,30204,APURIMAC,AYMARAES,COLCABAMBA
30406,30205,APURIMAC,AYMARAES,COTARUSE
30407,30207,APURIMAC,AYMARAES,HUAYLLO
30408,30217,APURIMAC,AYMARAES,JUSTO APU SAHUARAURA
30409,30208,APURIMAC,AYMARAES,LUCRE
30410,30209,APURIMAC,AYMARAES,POCOHUANCA
30411,30216,APURIMAC,AYMARAES,SAN JUAN DE CHACÑA
30412,30210,APURIMAC,AYMARAES,SAÑAYCA
30413,30211,APURIMAC,AYMARAES,SORAYA
30414,30212,APURIMAC,AYMARAES,TAPAIRIHUA
30415,30213,APURIMAC,AYMARAES,TINTAY
30416,30214,APURIMAC,AYMARAES,TORAYA
30417,30215,APURIMAC,AYMARAES,YANACA
30501,30501,APURIMAC,COTABAMBAS,TAMBOBAMBA
30502,30503,APURIMAC,COTABAMBAS,COTABAMBAS
30503,30502,APURIMAC,COTABAMBAS,COYLLURQUI
30504,30504,APURIMAC,COTABAMBAS,HAQUIRA
30505,30505,APURIMAC,COTABAMBAS,MARA
30506,30506,APURIMAC,COTABAMBAS,CHALLHUAHUACHO
30601,30701,APURIMAC,CHINCHEROS,CHINCHEROS
30602,30705,APURIMAC,CHINCHEROS,ANCO-HUALLO
30603,30704,APURIMAC,CHINCHEROS,COCHARCAS
30604,30706,APURIMAC,CHINCHEROS,HUACCANA
30605,30703,APURIMAC,CHINCHEROS,OCOBAMBA
30606,30702,APURIMAC,CHINCHEROS,ONGOY
30607,30707,APURIMAC,CHINCHEROS,URANMARCA
30608,30708,APURIMAC,CHINCHEROS,RANRACANCHA
30609,30709,APURIMAC,CHINCHEROS,ROCCHACC
30610,30710,APURIMAC,CHINCHEROS,EL PORVENIR
30611,30711,APURIMAC,CHINCHEROS,LOS CHANKAS
30612,30712,APURIMAC,CHINCHEROS,AHUAYRO
30701,30601,APURIMAC,GRAU,CHUQUIBAMBILLA
30702,30602,APURIMAC,GRAU,CURPAHUASI
30703,30605,APURIMAC,GRAU,GAMARRA
30704,30603,APURIMAC,GRAU,HUAYLLATI
30705,30604,APURIMAC,GRAU,MAMARA
30706,30606,APURIMAC,GRAU,MICAELA BASTIDAS
30707,30608,APURIMAC,GRAU,PATAYPAMPA
30708,30607,APURIMAC,GRAU,PROGRESO
30709,30609,APURIMAC,GRAU,SAN ANTONIO
30710,30613,APURIMAC,GRAU,SANTA ROSA
30711,30610,APURIMAC,GRAU,TURPAY
30712,30611,APURIMAC,GRAU,VILCABAMBA
30713,30612,APURIMAC,GRAU,VIRUNDO
30714,30614,APURIMAC,GRAU,CURASCO
40101,40101,AREQUIPA,AREQUIPA,AREQUIPA
40102,40128,AREQUIPA,AREQUIPA,ALTO SELVA ALEGRE
40103,40102,AREQUIPA,AREQUIPA,CAYMA
40104,40103,AREQUIPA,AREQUIPA,CERRO COLORADO
40105,40104,AREQUIPA,AREQUIPA,CHARACATO
40106,40105,AREQUIPA,AREQUIPA,CHIGUATA
40107,40127,AREQUIPA,AREQUIPA,JACOBO HUNTER
40108,40106,AREQUIPA,AREQUIPA,LA JOYA
40109,40126,AREQUIPA,AREQUIPA,MARIANO MELGAR
40110,40107,AREQUIPA,AREQUIPA,MIRAFLORES
40111,40108,AREQUIPA,AREQUIPA,MOLLEBAYA
40112,40109,AREQUIPA,AREQUIPA,PAUCARPATA
40113,40110,AREQUIPA,AREQUIPA,POCSI
40114,40111,AREQUIPA,AREQUIPA,POLOBAYA
40115,40112,AREQUIPA,AREQUIPA,QUEQUEÑA
40116,40113,AREQUIPA,AREQUIPA,SABANDIA
40117,40114,AREQUIPA,AREQUIPA,SACHACA
40118,40115,AREQUIPA,AREQUIPA,SAN JUAN DE SIGUAS
40119,40116,AREQUIPA,AREQUIPA,SAN JUAN DE TARUCANI
40120,40117,AREQUIPA,AREQUIPA,SANTA ISABEL DE SIGUAS
40121,40118,AREQUIPA,AREQUIPA,SANTA RITA DE SIGUAS
40122,40119,AREQUIPA,AREQUIPA,SOCABAYA
40123,40120,AREQUIPA,AREQUIPA,TIABAYA
40124,40121,AREQUIPA,AREQUIPA,UCHUMAYO
40125,40122,AREQUIPA,AREQUIPA,VITOR
40126,40123,AREQUIPA,AREQUIPA,YANAHUARA
40127,40124,AREQUIPA,AREQUIPA,YARABAMBA
40128,40125,AREQUIPA,AREQUIPA,YURA
40129,40129,AREQUIPA,AREQUIPA,JOSE LUIS BUSTAMANTE Y RIVERO
40201,40301,AREQUIPA,CAMANA,CAMANA
40202,40302,AREQUIPA,CAMANA,JOSE MARIA QUIMPER
40203,40303,AREQUIPA,CAMANA,MARIANO NICOLAS VALCARCEL
40204,40304,AREQUIPA,CAMANA,MARISCAL CACERES
40205,40305,AREQUIPA,CAMANA,NICOLAS DE PIEROLA
40206,40306,AREQUIPA,CAMANA,OCOÑA
40207,40307,AREQUIPA,CAMANA,QUILCA
40208,40308,AREQUIPA,CAMANA,SAMUEL PASTOR
40301,40401,AREQUIPA,CARAVELI,CARAVELI
40302,40402,AREQUIPA,CARAVELI,ACARI
40303,40403,AREQUIPA,CARAVELI,ATICO
40304,40404,AREQUIPA,CARAVELI,ATIQUIPA
40305,40405,AREQUIPA,CARAVELI,BELLA UNION
40306,40406,AREQUIPA,CARAVELI,CAHUACHO
40307,40407,AREQUIPA,CARAVELI,CHALA
40308,40408,AREQUIPA,CARAVELI,CHAPARRA
40309,40409,AREQUIPA,CARAVELI,HUANUHUANU
40310,40410,AREQUIPA,CARAVELI,JAQUI
40311,40411,AREQUIPA,CARAVELI,LOMAS
40312,40412,AREQUIPA,CARAVELI,QUICACHA
40313,40413,AREQUIPA,CARAVELI,YAUCA
40401,40501,AREQUIPA,CASTILLA,APLAO
40402,40502,AREQUIPA,CASTILLA,ANDAGUA
40403,40503,AREQUIPA,CASTILLA,AYO
40404,40504,AREQUIPA,CASTILLA,CHACHAS
40405,40505,AREQUIPA,CASTILLA,CHILCAYMARCA
40406,40506,AREQUIPA,CASTILLA,CHOCO
40407,40507,AREQUIPA,CASTILLA,HUANCARQUI
40408,40508,AREQUIPA,CASTILLA,MACHAGUAY
40409,40509,AREQUIPA,CASTILLA,ORCOPAMPA
40410,40510,AREQUIPA,CASTILLA,PAMPACOLCA
40411,40511,AREQUIPA,CASTILLA,TIPAN
40412,40513,AREQUIPA,CASTILLA,UÑON
40413,40512,AREQUIPA,CASTILLA,URACA
40414,40514,AREQUIPA,CASTILLA,VIRACO
40501,40201,AREQUIPA,CAYLLOMA,CHIVAY
40502,40202,AREQUIPA,CAYLLOMA,ACHOMA
40503,40203,AREQUIPA,CAYLLOMA,CABANACONDE
40504,40205,AREQUIPA,CAYLLOMA,CALLALLI
40505,40204,AREQUIPA,CAYLLOMA,CAYLLOMA
40506,40206,AREQUIPA,CAYLLOMA,COPORAQUE
40507,40207,AREQUIPA,CAYLLOMA,HUAMBO
40508,40208,AREQUIPA,CAYLLOMA,HUANCA
40509,40209,AREQUIPA,CAYLLOMA,ICHUPAMPA
40510,40210,AREQUIPA,CAYLLOMA,LARI
40511,40211,AREQUIPA,CAYLLOMA,LLUTA
40512,40212,AREQUIPA,CAYLLOMA,MACA
40513,40213,AREQUIPA,CAYLLOMA,MADRIGAL
40514,40214,AREQUIPA,CAYLLOMA,SAN ANTONIO DE CHUCA
40515,40215,AREQUIPA,CAYLLOMA,SIBAYO
40516,40216,AREQUIPA,CAYLLOMA,TAPAY
40517,40217,AREQUIPA,CAYLLOMA,TISCO
40518,40218,AREQUIPA,CAYLLOMA,TUTI
40519,40219,AREQUIPA,CAYLLOMA,YANQUE
40520,40220,AREQUIPA,CAYLLOMA,MAJES
40601,40601,AREQUIPA,CONDESUYOS,CHUQUIBAMBA
40602,40602,AREQUIPA,CONDESUYOS,ANDARAY
40603,40603,AREQUIPA,CONDESUYOS,CAYARANI
40604,40604,AREQUIPA,CONDESUYOS,CHICHAS
40605,40605,AREQUIPA,CONDESUYOS,IRAY
40606,40608,AREQUIPA,CONDESUYOS,RIO GRANDE
40607,40606,AREQUIPA,CONDESUYOS,SALAMANCA
40608,40607,AREQUIPA,CONDESUYOS,YANAQUIHUA
40701,40701,AREQUIPA,ISLAY,MOLLENDO
40702,40702,AREQUIPA,ISLAY,COCACHACRA
40703,40703,AREQUIPA,ISLAY,DEAN VALDIVIA
40704,40704,AREQUIPA,ISLAY,ISLAY
40705,40705,AREQUIPA,ISLAY,MEJIA
40706,40706,AREQUIPA,ISLAY,PUNTA DE BOMBON
40801,40801,AREQUIPA,LA UNION,COTAHUASI
40802,40802,AREQUIPA,LA UNION,ALCA
40803,40803,AREQUIPA,LA UNION,CHARCANA
40804,40804,AREQUIPA,LA UNION,HUAYNACOTAS
40805,40805,AREQUIPA,LA UNION,PAMPAMARCA
40806,40806,AREQUIPA,LA UNION,PUYCA
40807,40807,AREQUIPA,LA UNION,QUECHUALLA
40808,40808,AREQUIPA,LA UNION,SAYLA
40809,40809,AREQUIPA,LA UNION,TAURIA
40810,40810,AREQUIPA,LA UNION,TOMEPAMPA
40811,40811,AREQUIPA,LA UNION,TORO
50101,50101,AYACUCHO,HUAMANGA,AYACUCHO
50102,50111,AYACUCHO,HUAMANGA,ACOCRO
50103,50102,AYACUCHO,HUAMANGA,ACOS VINCHOS
50104,50103,AYACUCHO,HUAMANGA,CARMEN ALTO
50105,50104,AYACUCHO,HUAMANGA,CHIARA
50106,50113,AYACUCHO,HUAMANGA,OCROS
50107,50114,AYACUCHO,HUAMANGA,PACAYCASA
50108,50105,AYACUCHO,HUAMANGA,QUINUA
50109,50106,AYACUCHO,HUAMANGA,SAN JOSE DE TICLLAS
50110,50107,AYACUCHO,HUAMANGA,SAN JUAN BAUTISTA
50111,50108,AYACUCHO,HUAMANGA,SANTIAGO DE PISCHA
50112,50112,AYACUCHO,HUAMANGA,SOCOS
50113,50110,AYACUCHO,HUAMANGA,TAMBILLO
50114,50109,AYACUCHO,HUAMANGA,VINCHOS
50115,50115,AYACUCHO,HUAMANGA,JESUS NAZARENO
50116,50116,AYACUCHO,HUAMANGA,ANDRES AVELINO CACERES DORREGARAY
50201,50201,AYACUCHO,CANGALLO,CANGALLO
50202,50204,AYACUCHO,CANGALLO,CHUSCHI
50203,50206,AYACUCHO,CANGALLO,LOS MOROCHUCOS
50204,50211,AYACUCHO,CANGALLO,MARIA PARADO DE BELLIDO
50205,50207,AYACUCHO,CANGALLO,PARAS
50206,50208,AYACUCHO,CANGALLO,TOTOS
50301,50801,AYACUCHO,HUANCA SANCOS,SANCOS
50302,50804,AYACUCHO,HUANCA SANCOS,CARAPO
50303,50802,AYACUCHO,HUANCA SANCOS,SACSAMARCA
50304,50803,AYACUCHO,HUANCA SANCOS,SANTIAGO DE LUCANAMARCA
50401,50301,AYACUCHO,HUANTA,HUANTA
50402,50302,AYACUCHO,HUANTA,AYAHUANCO
50403,50303,AYACUCHO,HUANTA,HUAMANGUILLA
50404,50304,AYACUCHO,HUANTA,IGUAIN
50405,50305,AYACUCHO,HUANTA,LURICOCHA
50406,50307,AYACUCHO,HUANTA,SANTILLANA
50407,50308,AYACUCHO,HUANTA,SIVIA
50408,50309,AYACUCHO,HUANTA,LLOCHEGUA
50409,50310,AYACUCHO,HUANTA,CANAYRE
50410,50311,AYACUCHO,HUANTA,UCHURACCAY
50411,50312,AYACUCHO,HUANTA,PUCACOLPA
50412,50313,AYACUCHO,HUANTA,CHACA
50413,50314,AYACUCHO,HUANTA,PUTIS
50501,50401,AYACUCHO,LA MAR,SAN MIGUEL
50502,50402,AYACUCHO,LA MAR,ANCO
50503,50403,AYACUCHO,LA MAR,AYNA
50504,50404,AYACUCHO,LA MAR,CHILCAS
50505,50405,AYACUCHO,LA MAR,CHUNGUI
50506,50407,AYACUCHO,LA MAR,LUIS CARRANZA
50507,50408,AYACUCHO,LA MAR,SANTA ROSA
50508,50406,AYACUCHO,LA MAR,TAMBO
50509,50409,AYACUCHO,LA MAR,SAMUGARI
50510,50410,AYACUCHO,LA MAR,ANCHIHUAY
50511,50411,AYACUCHO,LA MAR,ORONCCOY
50512,50412,AYACUCHO,LA MAR,UNION PROGRESO
50513,50415,AYACUCHO,LA MAR,RIO MAGDALENA
50514,50414,AYACUCHO,LA MAR,NINABAMBA
50515,50413,AYACUCHO,LA MAR,PATIBAMBA
50601,50501,AYACUCHO,LUCANAS,PUQUIO
50602,50502,AYACUCHO,LUCANAS,AUCARA
50603,50503,AYACUCHO,LUCANAS,CABANA
50604,50504,AYACUCHO,LUCANAS,CARMEN SALCEDO
50605,50506,AYACUCHO,LUCANAS,CHAVIÑA
50606,50508,AYACUCHO,LUCANAS,CHIPAO
50607,50510,AYACUCHO,LUCANAS,HUAC-HUAS
50608,50511,AYACUCHO,LUCANAS,LARAMATE
50609,50512,AYACUCHO,LUCANAS,LEONCIO PRADO
50610,50514,AYACUCHO,LUCANAS,LLAUTA
50611,50513,AYACUCHO,LUCANAS,LUCANAS
50612,50516,AYACUCHO,LUCANAS,OCAÑA
50613,50517,AYACUCHO,LUCANAS,OTOCA
50614,50529,AYACUCHO,LUCANAS,SAISA
50615,50532,AYACUCHO,LUCANAS,SAN CRISTOBAL
50616,50521,AYACUCHO,LUCANAS,SAN JUAN
50617,50522,AYACUCHO,LUCANAS,SAN PEDRO
50618,50531,AYACUCHO,LUCANAS,SAN PEDRO DE PALCO
50619,50520,AYACUCHO,LUCANAS,SANCOS
50620,50524,AYACUCHO,LUCANAS,SANTA ANA DE HUAYCAHUACHO
50621,50525,AYACUCHO,LUCANAS,SANTA LUCIA
50701,50601,AYACUCHO,PARINACOCHAS,CORACORA
50702,50605,AYACUCHO,PARINACOCHAS,CHUMPI
50703,50604,AYACUCHO,PARINACOCHAS,CORONEL CASTAÑEDA
50704,50608,AYACUCHO,PARINACOCHAS,PACAPAUSA
50705,50611,AYACUCHO,PARINACOCHAS,PULLO
50706,50612,AYACUCHO,PARINACOCHAS,PUYUSCA
50707,50615,AYACUCHO,PARINACOCHAS,SAN FRANCISCO DE RAVACAYCO
50708,50616,AYACUCHO,PARINACOCHAS,UPAHUACHO
50801,51001,AYACUCHO,PAUCAR DEL SARA SARA,PAUSA
50802,51002,AYACUCHO,PAUCAR DEL SARA SARA,COLTA
50803,51003,AYACUCHO,PAUCAR DEL SARA SARA,CORCULLA
50804,51004,AYACUCHO,PAUCAR DEL SARA SARA,LAMPA
50805,51005,AYACUCHO,PAUCAR DEL SARA SARA,MARCABAMBA
50806,51006,AYACUCHO,PAUCAR DEL SARA SARA,OYOLO
50807,51007,AYACUCHO,PAUCAR DEL SARA SARA,PARARCA
50808,51008,AYACUCHO,PAUCAR DEL SARA SARA,SAN JAVIER DE ALPABAMBA
50809,51009,AYACUCHO,PAUCAR DEL SARA SARA,SAN JOSE DE USHUA
50810,51010,AYACUCHO,PAUCAR DEL SARA SARA,SARA SARA
50901,51101,AYACUCHO,SUCRE,QUEROBAMBA
50902,51102,AYACUCHO,SUCRE,BELEN
50903,51103,AYACUCHO,SUCRE,CHALCOS
50904,51110,AYACUCHO,SUCRE,CHILCAYOC
50905,51109,AYACUCHO,SUCRE,HUACAÑA
50906,51111,AYACUCHO,SUCRE,MORCOLLA
50907,51105,AYACUCHO,SUCRE,PAICO
50908,51107,AYACUCHO,SUCRE,SAN PEDRO DE LARCAY
50909,51104,AYACUCHO,SUCRE,SAN SALVADOR DE QUIJE
50910,51106,AYACUCHO,SUCRE,SANTIAGO DE PAUCARAY
50911,51108,AYACUCHO,SUCRE,SORAS
51001,50701,AYACUCHO,VICTOR FAJARDO,HUANCAPI
51002,50702,AYACUCHO,VICTOR FAJARDO,ALCAMENCA
51003,50703,AYACUCHO,VICTOR FAJARDO,APONGO
51004,50715,AYACUCHO,VICTOR FAJARDO,ASQUIPATA
51005,50704,AYACUCHO,VICTOR FAJARDO,CANARIA
51006,50706,AYACUCHO,VICTOR FAJARDO,CAYARA
51007,50707,AYACUCHO,VICTOR FAJARDO,COLCA
51008,50709,AYACUCHO,VICTOR FAJARDO,HUAMANQUIQUIA
51009,50710,AYACUCHO,VICTOR FAJARDO,HUANCARAYLLA
51010,50708,AYACUCHO,VICTOR FAJARDO,HUAYA
51011,50713,AYACUCHO,VICTOR FAJARDO,SARHUA
51012,50714,AYACUCHO,VICTOR FAJARDO,VILCANCHOS
51101,50901,AYACUCHO,VILCAS HUAMAN,VILCAS HUAMAN
51102,50903,AYACUCHO,VILCAS HUAMAN,ACCOMARCA
51103,50904,AYACUCHO,VILCAS HUAMAN,CARHUANCA
51104,50905,AYACUCHO,VILCAS HUAMAN,CONCEPCION
51105,50906,AYACUCHO,VILCAS HUAMAN,HUAMBALPA
51106,50908,AYACUCHO,VILCAS HUAMAN,INDEPENDENCIA
51107,50907,AYACUCHO,VILCAS HUAMAN,SAURAMA
51108,50902,AYACUCHO,VILCAS HUAMAN,VISCHONGO
60101,60101,CAJAMARCA,CAJAMARCA,CAJAMARCA
60102,60102,CAJAMARCA,CAJAMARCA,ASUNCION
60103,60104,CAJAMARCA,CAJAMARCA,CHETILLA
60104,60103,CAJAMARCA,CAJAMARCA,COSPAN
60105,60105,CAJAMARCA,CAJAMARCA,ENCAÑADA
60106,60106,CAJAMARCA,CAJAMARCA,JESUS
60107,60108,CAJAMARCA,CAJAMARCA,LLACANORA
60108,60107,CAJAMARCA,CAJAMARCA,LOS BAÑOS DEL INCA
60109,60109,CAJAMARCA,CAJAMARCA,MAGDALENA
60110,60110,CAJAMARCA,CAJAMARCA,MATARA
60111,60111,CAJAMARCA,CAJAMARCA,NAMORA
60112,60112,CAJAMARCA,CAJAMARCA,SAN JUAN
60201,60201,CAJAMARCA,CAJABAMBA,CAJABAMBA
60202,60202,CAJAMARCA,CAJABAMBA,CACHACHI
60203,60203,CAJAMARCA,CAJABAMBA,CONDEBAMBA
60204,60205,CAJAMARCA,CAJABAMBA,SITACOCHA
60301,60301,CAJAMARCA,CELENDIN,CELENDIN
60302,60303,CAJAMARCA,CELENDIN,CHUMUCH
60303,60302,CAJAMARCA,CELENDIN,CORTEGANA
60304,60304,CAJAMARCA,CELENDIN,HUASMIN
60305,60305,CAJAMARCA,CELENDIN,JORGE CHAVEZ
60306,60306,CAJAMARCA,CELENDIN,JOSE GALVEZ
60307,60307,CAJAMARCA,CELENDIN,MIGUEL IGLESIAS
60308,60308,CAJAMARCA,CELENDIN,OXAMARCA
60309,60309,CAJAMARCA,CELENDIN,SOROCHUCO
60310,60310,CAJAMARCA,CELENDIN,SUCRE
60311,60311,CAJAMARCA,CELENDIN,UTCO
60312,60312,CAJAMARCA,CELENDIN,LA LIBERTAD DE PALLAN
60401,60601,CAJAMARCA,CHOTA,CHOTA
60402,60602,CAJAMARCA,CHOTA,ANGUIA
60403,60605,CAJAMARCA,CHOTA,CHADIN
60404,60606,CAJAMARCA,CHOTA,CHIGUIRIP
60405,60607,CAJAMARCA,CHOTA,CHIMBAN
60406,60618,CAJAMARCA,CHOTA,CHOROPAMPA
60407,60603,CAJAMARCA,CHOTA,COCHABAMBA
60408,60604,CAJAMARCA,CHOTA,CONCHAN
60409,60608,CAJAMARCA,CHOTA,HUAMBOS
60410,60609,CAJAMARCA,CHOTA,LAJAS
60411,60610,CAJAMARCA,CHOTA,LLAMA
60412,60611,CAJAMARCA,CHOTA,MIRACOSTA
60413,60612,CAJAMARCA,CHOTA,PACCHA
60414,60613,CAJAMARCA,CHOTA,PION
60415,60614,CAJAMARCA,CHOTA,QUEROCOTO
60416,60617,CAJAMARCA,CHOTA,SAN JUAN DE LICUPIS
60417,60615,CAJAMARCA,CHOTA,TACABAMBA
60418,60616,CAJAMARCA,CHOTA,TOCMOCHE
60419,60619,CAJAMARCA,CHOTA,CHALAMARCA
60501,60401,CAJAMARCA,CONTUMAZA,CONTUMAZA
60502,60403,CAJAMARCA,CONTUMAZA,CHILETE
60503,60406,CAJAMARCA,CONTUMAZA,CUPISNIQUE
60504,60404,CAJAMARCA,CONTUMAZA,GUZMANGO
60505,60405,CAJAMARCA,CONTUMAZA,SAN BENITO
60506,60409,CAJAMARCA,CONTUMAZA,SANTA CRUZ DE TOLEDO
60507,60407,CAJAMARCA,CONTUMAZA,TANTARICA
60508,60408,CAJAMARCA,CONTUMAZA,YONAN
60601,60501,CAJAMARCA,CUTERVO,CUTERVO
60602,60502,CAJAMARCA,CUTERVO,CALLAYUC
60603,60504,CAJAMARCA,CUTERVO,CHOROS
60604,60503,CAJAMARCA,CUTERVO,CUJILLO
60605,60505,CAJAMARCA,CUTERVO,LA RAMADA
60606,60506,CAJAMARCA,CUTERVO,PIMPINGOS
60607,60507,CAJAMARCA,CUTERVO,QUEROCOTILLO
60608,60508,CAJAMARCA,CUTERVO,SAN ANDRES DE CUTERVO
60609,60509,CAJAMARCA,CUTERVO,SAN JUAN DE CUTERVO
60610,60510,CAJAMARCA,CUTERVO,SAN LUIS DE LUCMA
60611,60511,CAJAMARCA,CUTERVO,SANTA CRUZ
60612,60512,CAJAMARCA,CUTERVO,SANTO DOMINGO DE LA CAPILLA
60613,60513,CAJAMARCA,CUTERVO,SANTO TOMAS
60614,60514,CAJAMARCA,CUTERVO,SOCOTA
60615,60515,CAJAMARCA,CUTERVO,TORIBIO CASANOVA
60701,60701,CAJAMARCA,HUALGAYOC,BAMBAMARCA
60702,60702,CAJAMARCA,HUALGAYOC,CHUGUR
60703,60703,CAJAMARCA,HUALGAYOC,HUALGAYOC
60801,60801,CAJAMARCA,JAEN,JAEN
60802,60802,CAJAMARCA,JAEN,BELLAVISTA
60803,60804,CAJAMARCA,JAEN,CHONTALI
60804,60803,CAJAMARCA,JAEN,COLASAY
60805,60812,CAJAMARCA,JAEN,HUABAL
60806,60811,CAJAMARCA,JAEN,LAS PIRIAS
60807,60805,CAJAMARCA,JAEN,POMAHUACA
60808,60806,CAJAMARCA,JAEN,PUCARA
60809,60807,CAJAMARCA,JAEN,SALLIQUE
60810,60808,CAJAMARCA,JAEN,SAN FELIPE
60811,60809,CAJAMARCA,JAEN,SAN JOSE DEL ALTO
60812,60810,CAJAMARCA,JAEN,SANTA ROSA
60901,61101,CAJAMARCA,SAN IGNACIO,SAN IGNACIO
60902,61102,CAJAMARCA,SAN IGNACIO,CHIRINOS
60903,61103,CAJAMARCA,SAN IGNACIO,HUARANGO
60904,61105,CAJAMARCA,SAN IGNACIO,LA COIPA
60905,61104,CAJAMARCA,SAN IGNACIO,NAMBALLE
60906,61106,CAJAMARCA,SAN IGNACIO,SAN JOSE DE LOURDES
60907,61107,CAJAMARCA,SAN IGNACIO,TABACONAS
61001,61201,CAJAMARCA,SAN MARCOS,PEDRO GALVEZ
61002,61207,CAJAMARCA,SAN MARCOS,CHANCAY
61003,61205,CAJAMARCA,SAN MARCOS,EDUARDO VILLANUEVA
61004,61203,CAJAMARCA,SAN MARCOS,GREGORIO PITA
61005,61202,CAJAMARCA,SAN MARCOS,ICHOCAN
61006,61204,CAJAMARCA,SAN MARCOS,JOSE MANUEL QUIROZ
61007,61206,CAJAMARCA,SAN MARCOS,JOSE SABOGAL
61101,61001,CAJAMARCA,SAN MIGUEL,SAN MIGUEL
61102,61013,CAJAMARCA,SAN MIGUEL,BOLIVAR
61103,61002,CAJAMARCA,SAN MIGUEL,CALQUIS
61104,61012,CAJAMARCA,SAN MIGUEL,CATILLUC
61105,61009,CAJAMARCA,SAN MIGUEL,EL PRADO
61106,61003,CAJAMARCA,SAN MIGUEL,LA FLORIDA
61107,61004,CAJAMARCA,SAN MIGUEL,LLAPA
61108,61005,CAJAMARCA,SAN MIGUEL,NANCHOC
61109,61006,CAJAMARCA,SAN MIGUEL,NIEPOS
61110,61007,CAJAMARCA,SAN MIGUEL,SAN GREGORIO
61111,61008,CAJAMARCA,SAN MIGUEL,SAN SILVESTRE DE COCHAN
61112,61011,CAJAMARCA,SAN MIGUEL,TONGOD
61113,61010,CAJAMARCA,SAN MIGUEL,UNION AGUA BLANCA
61201,61301,CAJAMARCA,SAN PABLO,SAN PABLO
61202,61302,CAJAMARCA,SAN PABLO,SAN BERNARDINO
61203,61303,CAJAMARCA,SAN PABLO,SAN LUIS
61204,61304,CAJAMARCA,SAN PABLO,TUMBADEN
61301,60901,CAJAMARCA,SANTA CRUZ,SANTA CRUZ
61302,60910,CAJAMARCA,SANTA CRUZ,ANDABAMBA
61303,60902,CAJAMARCA,SANTA CRUZ,CATACHE
61304,60903,CAJAMARCA,SANTA CRUZ,CHANCAYBAÑOS
61305,60904,CAJAMARCA,SANTA CRUZ,LA ESPERANZA
61306,60905,CAJAMARCA,SANTA CRUZ,NINABAMBA
61307,60906,CAJAMARCA,SANTA CRUZ,PULAN
61308,60911,CAJAMARCA,SANTA CRUZ,SAUCEPAMPA
61309,60907,CAJAMARCA,SANTA CRUZ,SEXI
61310,60908,CAJAMARCA,SANTA CRUZ,UTICYACU
61311,60909,CAJAMARCA,SANTA CRUZ,YAUYUCAN
70101,240101,CALLAO,CALLAO,CALLAO
70102,240102,CALLAO,CALLAO,BELLAVISTA
70103,240104,CALLAO,CALLAO,CARMEN DE LA LEGUA REYNOSO
70104,240105,CALLAO,CALLAO,LA PERLA
70105,240103,CALLAO,CALLAO,LA PUNTA
70106,240106,CALLAO,CALLAO,VENTANILLA
70107,240107,CALLAO,CALLAO,MI PERU
80101,70101,CUSCO,CUSCO,CUSCO
80102,70102,CUSCO,CUSCO,CCORCA
80103,70103,CUSCO,CUSCO,POROY
80104,70104,CUSCO,CUSCO,SAN JERONIMO
80105,70105,CUSCO,CUSCO,SAN SEBASTIAN
80106,70106,CUSCO,CUSCO,SANTIAGO
80107,70107,CUSCO,CUSCO,SAYLLA
80108,70108,CUSCO,CUSCO,WANCHAQ
80201,70201,CUSCO,ACOMAYO,ACOMAYO
80202,70202,CUSCO,ACOMAYO,ACOPIA
80203,70203,CUSCO,ACOMAYO,ACOS
80204,70207,CUSCO,ACOMAYO,MOSOC LLACTA
80205,70204,CUSCO,ACOMAYO,POMACANCHI
80206,70205,CUSCO,ACOMAYO,RONDOCAN
80207,70206,CUSCO,ACOMAYO,SANGARARA
80301,70301,CUSCO,ANTA,ANTA
80302,70309,CUSCO,ANTA,ANCAHUASI
80303,70308,CUSCO,ANTA,CACHIMAYO
80304,70302,CUSCO,ANTA,CHINCHAYPUJIO
80305,70303,CUSCO,ANTA,HUAROCONDO
80306,70304,CUSCO,ANTA,LIMATAMBO
80307,70305,CUSCO,ANTA,MOLLEPATA
80308,70306,CUSCO,ANTA,PUCYURA
80309,70307,CUSCO,ANTA,ZURITE
80401,70401,CUSCO,CALCA,CALCA
80402,70402,CUSCO,CALCA,COYA
80403,70403,CUSCO,CALCA,LAMAY
80404,70404,CUSCO,CALCA,LARES
80405,70405,CUSCO,CALCA,PISAC
80406,70406,CUSCO,CALCA,SAN SALVADOR
80407,70407,CUSCO,CALCA,TARAY
80408,70408,CUSCO,CALCA,YANATILE
80501,70501,CUSCO,CANAS,YANAOCA
80502,70502,CUSCO,CANAS,CHECCA
80503,70503,CUSCO,CANAS,KUNTURKANKI
80504,70504,CUSCO,CANAS,LANGUI
80505,70505,CUSCO,CANAS,LAYO
80506,70506,CUSCO,CANAS,PAMPAMARCA
80507,70507,CUSCO,CANAS,QUEHUE
80508,70508,CUSCO,CANAS,TUPAC AMARU
80601,70601,CUSCO,CANCHIS,SICUANI
80602,70603,CUSCO,CANCHIS,CHECACUPE
80603,70602,CUSCO,CANCHIS,COMBAPATA
80604,70604,CUSCO,CANCHIS,MARANGANI
80605,70605,CUSCO,CANCHIS,PITUMARCA
80606,70606,CUSCO,CANCHIS,SAN PABLO
80607,70607,CUSCO,CANCHIS,SAN PEDRO
80608,70608,CUSCO,CANCHIS,TINTA
80701,70701,CUSCO,CHUMBIVILCAS,SANTO TOMAS
80702,70702,CUSCO,CHUMBIVILCAS,CAPACMARCA
80703,70704,CUSCO,CHUMBIVILCAS,CHAMACA
80704,70703,CUSCO,CHUMBIVILCAS,COLQUEMARCA
80705,70705,CUSCO,CHUMBIVILCAS,LIVITACA
80706,70706,CUSCO,CHUMBIVILCAS,LLUSCO
80707,70707,CUSCO,CHUMBIVILCAS,QUIÑOTA
80708,70708,CUSCO,CHUMBIVILCAS,VELILLE
80801,70801,CUSCO,ESPINAR,ESPINAR
80802,70802,CUSCO,ESPINAR,CONDOROMA
80803,70803,CUSCO,ESPINAR,COPORAQUE
80804,70804,CUSCO,ESPINAR,OCORURO
80805,70805,CUSCO,ESPINAR,PALLPATA
80806,70806,CUSCO,ESPINAR,PICHIGUA
80807,70807,CUSCO,ESPINAR,SUYCKUTAMBO
80808,70808,CUSCO,ESPINAR,ALTO PICHIGUA
80901,70901,CUSCO,LA CONVENCION,SANTA ANA
80902,70902,CUSCO,LA CONVENCION,ECHARATE
80903,70903,CUSCO,LA CONVENCION,HUAYOPATA
80904,70904,CUSCO,LA CONVENCION,MARANURA
80905,70905,CUSCO,LA CONVENCION,OCOBAMBA
80906,70908,CUSCO,LA CONVENCION,QUELLOUNO
80907,70909,CUSCO,LA CONVENCION,QUIMBIRI
80908,70906,CUSCO,LA CONVENCION,SANTA TERESA
80909,70907,CUSCO,LA CONVENCION,VILCABAMBA
80910,70910,CUSCO,LA CONVENCION,PICHARI
80911,70911,CUSCO,LA CONVENCION,INKAWASI
80912,70912,CUSCO,LA CONVENCION,VILLA VIRGEN
80913,70913,CUSCO,LA CONVENCION,VILLA KINTIARINA
80914,70915,CUSCO,LA CONVENCION,MEGANTONI
80915,70916,CUSCO,LA CONVENCION,KUMPIRUSHIATO
80916,70917,CUSCO,LA CONVENCION,CIELO PUNCO
80917,70918,CUSCO,LA CONVENCION,MANITEA
80918,70919,CUSCO,LA CONVENCION,UNION ASHÁNINKA
81001,71001,CUSCO,PARURO,PARURO
81002,71002,CUSCO,PARURO,ACCHA
81003,71003,CUSCO,PARURO,CCAPI
81004,71004,CUSCO,PARURO,COLCHA
81005,71005,CUSCO,PARURO,HUANOQUITE
81006,71006,CUSCO,PARURO,OMACHA
81007,71008,CUSCO,PARURO,PACCARITAMBO
81008,71009,CUSCO,PARURO,PILLPINTO
81009,71007,CUSCO,PARURO,YAURISQUE
81101,71101,CUSCO,PAUCARTAMBO,PAUCARTAMBO
81102,71102,CUSCO,PAUCARTAMBO,CAICAY
81103,71104,CUSCO,PAUCARTAMBO,CHALLABAMBA
81104,71103,CUSCO,PAUCARTAMBO,COLQUEPATA
81105,71106,CUSCO,PAUCARTAMBO,HUANCARANI
81106,71105,CUSCO,PAUCARTAMBO,KOSÑIPATA
81201,71201,CUSCO,QUISPICANCHI,URCOS
81202,71202,CUSCO,QUISPICANCHI,ANDAHUAYLILLAS
81203,71203,CUSCO,QUISPICANCHI,CAMANTI
81204,71204,CUSCO,QUISPICANCHI,CCARHUAYO
81205,71205,CUSCO,QUISPICANCHI,CCATCA
81206,71206,CUSCO,QUISPICANCHI,CUSIPATA
81207,71207,CUSCO,QUISPICANCHI,HUARO
81208,71208,CUSCO,QUISPICANCHI,LUCRE
81209,71209,CUSCO,QUISPICANCHI,MARCAPATA
81210,71210,CUSCO,QUISPICANCHI,OCONGATE
81211,71211,CUSCO,QUISPICANCHI,OROPESA
81212,71212,CUSCO,QUISPICANCHI,QUIQUIJANA
81301,71301,CUSCO,URUBAMBA,URUBAMBA
81302,71302,CUSCO,URUBAMBA,CHINCHERO
81303,71303,CUSCO,URUBAMBA,HUAYLLABAMBA
81304,71304,CUSCO,URUBAMBA,MACHUPICCHU
81305,71305,CUSCO,URUBAMBA,MARAS
81306,71306,CUSCO,URUBAMBA,OLLANTAYTAMBO
81307,71307,CUSCO,URUBAMBA,YUCAY
90101,80101,HUANCAVELICA,HUANCAVELICA,HUANCAVELICA
90102,80102,HUANCAVELICA,HUANCAVELICA,ACOBAMBILLA
90103,80103,HUANCAVELICA,HUANCAVELICA,ACORIA
90104,80104,HUANCAVELICA,HUANCAVELICA,CONAYCA
90105,80105,HUANCAVELICA,HUANCAVELICA,CUENCA
90106,80106,HUANCAVELICA,HUANCAVELICA,HUACHOCOLPA
90107,80108,HUANCAVELICA,HUANCAVELICA,HUAYLLAHUARA
90108,80109,HUANCAVELICA,HUANCAVELICA,IZCUCHACA
90109,80110,HUANCAVELICA,HUANCAVELICA,LARIA
90110,80111,HUANCAVELICA,HUANCAVELICA,MANTA
90111,80112,HUANCAVELICA,HUANCAVELICA,MARISCAL CACERES
90112,80113,HUANCAVELICA,HUANCAVELICA,MOYA
90113,80114,HUANCAVELICA,HUANCAVELICA,NUEVO OCCORO
90114,80115,HUANCAVELICA,HUANCAVELICA,PALCA
90115,80116,HUANCAVELICA,HUANCAVELICA,PILCHACA
90116,80117,HUANCAVELICA,HUANCAVELICA,VILCA
90117,80118,HUANCAVELICA,HUANCAVELICA,YAULI
90118,80119,HUANCAVELICA,HUANCAVELICA,ASCENSION
90119,80120,HUANCAVELICA,HUANCAVELICA,HUANDO
90201,80201,HUANCAVELICA,ACOBAMBA,ACOBAMBA
90202,80203,HUANCAVELICA,ACOBAMBA,ANDABAMBA
90203,80202,HUANCAVELICA,ACOBAMBA,ANTA
90204,80204,HUANCAVELICA,ACOBAMBA,CAJA
90205,80205,HUANCAVELICA,ACOBAMBA,MARCAS
90206,80206,HUANCAVELICA,ACOBAMBA,PAUCARA
90207,80207,HUANCAVELICA,ACOBAMBA,POMACOCHA
90208,80208,HUANCAVELICA,ACOBAMBA,ROSARIO
90301,80301,HUANCAVELICA,ANGARAES,LIRCAY
90302,80302,HUANCAVELICA,ANGARAES,ANCHONGA
90303,80303,HUANCAVELICA,ANGARAES,CALLANMARCA
90304,80312,HUANCAVELICA,ANGARAES,CCOCHACCASA
90305,80305,HUANCAVELICA,ANGARAES,CHINCHO
90306,80304,HUANCAVELICA,ANGARAES,CONGALLA
90307,80307,HUANCAVELICA,ANGARAES,HUANCA-HUANCA
90308,80306,HUANCAVELICA,ANGARAES,HUAYLLAY GRANDE
90309,80308,HUANCAVELICA,ANGARAES,JULCAMARCA
90310,80309,HUANCAVELICA,ANGARAES,SAN ANTONIO DE ANTAPARCO
90311,80310,HUANCAVELICA,ANGARAES,SANTO TOMAS DE PATA
90312,80311,HUANCAVELICA,ANGARAES,SECCLLA
90401,80401,HUANCAVELICA,CASTROVIRREYNA,CASTROVIRREYNA
90402,80402,HUANCAVELICA,CASTROVIRREYNA,ARMA
90403,80403,HUANCAVELICA,CASTROVIRREYNA,AURAHUA
90404,80405,HUANCAVELICA,CASTROVIRREYNA,CAPILLAS
90405,80408,HUANCAVELICA,CASTROVIRREYNA,CHUPAMARCA
90406,80406,HUANCAVELICA,CASTROVIRREYNA,COCAS
90407,80409,HUANCAVELICA,CASTROVIRREYNA,HUACHOS
90408,80410,HUANCAVELICA,CASTROVIRREYNA,HUAMATAMBO
90409,80414,HUANCAVELICA,CASTROVIRREYNA,MOLLEPAMPA
90410,80422,HUANCAVELICA,CASTROVIRREYNA,SAN JUAN
90411,80429,HUANCAVELICA,CASTROVIRREYNA,SANTA ANA
90412,80427,HUANCAVELICA,CASTROVIRREYNA,TANTARA
90413,80428,HUANCAVELICA,CASTROVIRREYNA,TICRAPO
90501,80701,HUANCAVELICA,CHURCAMPA,CHURCAMPA
90502,80702,HUANCAVELICA,CHURCAMPA,ANCO
90503,80703,HUANCAVELICA,CHURCAMPA,CHINCHIHUASI
90504,80704,HUANCAVELICA,CHURCAMPA,EL CARMEN
90505,80705,HUANCAVELICA,CHURCAMPA,LA MERCED
90506,80706,HUANCAVELICA,CHURCAMPA,LOCROJA
90507,80707,HUANCAVELICA,CHURCAMPA,PAUCARBAMBA
90508,80708,HUANCAVELICA,CHURCAMPA,SAN MIGUEL DE MAYOCC
90509,80709,HUANCAVELICA,CHURCAMPA,SAN PEDRO DE CORIS
90510,80710,HUANCAVELICA,CHURCAMPA,PACHAMARCA
90511,80711,HUANCAVELICA,CHURCAMPA,COSME
90601,80604,HUANCAVELICA,HUAYTARA,HUAYTARA
90602,80601,HUANCAVELICA,HUAYTARA,AYAVI
90603,80602,HUANCAVELICA,HUAYTARA,CORDOVA
90604,80603,HUANCAVELICA,HUAYTARA,HUAYACUNDO ARMA
90605,80605,HUANCAVELICA,HUAYTARA,LARAMARCA
90606,80606,HUANCAVELICA,HUAYTARA,OCOYO
90607,80607,HUANCAVELICA,HUAYTARA,PILPICHACA
90608,80608,HUANCAVELICA,HUAYTARA,QUERCO
90609,80609,HUANCAVELICA,HUAYTARA,QUITO-ARMA
90610,80610,HUANCAVELICA,HUAYTARA,SAN ANTONIO DE CUSICANCHA
90611,80611,HUANCAVELICA,HUAYTARA,SAN FRANCISCO DE SANGAYAICO
90612,80612,HUANCAVELICA,HUAYTARA,SAN ISIDRO
90613,80613,HUANCAVELICA,HUAYTARA,SANTIAGO DE CHOCORVOS
90614,80614,HUANCAVELICA,HUAYTARA,SANTIAGO DE QUIRAHUARA
90615,80615,HUANCAVELICA,HUAYTARA,SANTO DOMINGO DE CAPILLAS
90616,80616,HUANCAVELICA,HUAYTARA,TAMBO
90701,80501,HUANCAVELICA,TAYACAJA,PAMPAS
90702,80502,HUANCAVELICA,TAYACAJA,ACOSTAMBO
90703,80503,HUANCAVELICA,TAYACAJA,ACRAQUIA
90704,80504,HUANCAVELICA,TAYACAJA,AHUAYCHA
90705,80506,HUANCAVELICA,TAYACAJA,COLCABAMBA
90706,80509,HUANCAVELICA,TAYACAJA,DANIEL HERNANDEZ
90707,80511,HUANCAVELICA,TAYACAJA,HUACHOCOLPA
90709,80512,HUANCAVELICA,TAYACAJA,HUARIBAMBA
90710,80515,HUANCAVELICA,TAYACAJA,ÑAHUIMPUQUIO
90711,80517,HUANCAVELICA,TAYACAJA,PAZOS
90713,80518,HUANCAVELICA,TAYACAJA,QUISHUAR
90714,80519,HUANCAVELICA,TAYACAJA,SALCABAMBA
90715,80526,HUANCAVELICA,TAYACAJA,SALCAHUASI
90716,80520,HUANCAVELICA,TAYACAJA,SAN MARCOS DE ROCCHAC
90717,80523,HUANCAVELICA,TAYACAJA,SURCUBAMBA
90718,80525,HUANCAVELICA,TAYACAJA,TINTAY PUNCU
90719,80528,HUANCAVELICA,TAYACAJA,QUICHUAS
90720,80529,HUANCAVELICA,TAYACAJA,ANDAYMARCA
90721,80530,HUANCAVELICA,TAYACAJA,ROBLE
90722,80531,HUANCAVELICA,TAYACAJA,PICHOS
90723,80532,HUANCAVELICA,TAYACAJA,SANTIAGO DE TUCUMA
90724,80533,HUANCAVELICA,TAYACAJA,LAMBRAS
90725,80534,HUANCAVELICA,TAYACAJA,COCHABAMBA
100101,90101,HUANUCO,HUANUCO,HUANUCO
100102,90110,HUANUCO,HUANUCO,AMARILIS
100103,90102,HUANUCO,HUANUCO,CHINCHAO
100104,90103,HUANUCO,HUANUCO,CHURUBAMBA
100105,90104,HUANUCO,HUANUCO,MARGOS
100106,90105,HUANUCO,HUANUCO,QUISQUI
100107,90106,HUANUCO,HUANUCO,SAN FRANCISCO DE CAYRAN
100108,90107,HUANUCO,HUANUCO,SAN PEDRO DE CHAULAN
100109,90108,HUANUCO,HUANUCO,SANTA MARIA DEL VALLE
100110,90109,HUANUCO,HUANUCO,YARUMAYO
100111,90111,HUANUCO,HUANUCO,PILLCO MARCA
100112,90112,HUANUCO,HUANUCO,YACUS
100113,90113,HUANUCO,HUANUCO,SAN PABLO DE PILLAO
100201,90201,HUANUCO,AMBO,AMBO
100202,90202,HUANUCO,AMBO,CAYNA
100203,90203,HUANUCO,AMBO,COLPAS
100204,90204,HUANUCO,AMBO,CONCHAMARCA
100205,90205,HUANUCO,AMBO,HUACAR
100206,90206,HUANUCO,AMBO,SAN FRANCISCO
100207,90207,HUANUCO,AMBO,SAN RAFAEL
100208,90208,HUANUCO,AMBO,TOMAY KICHWA
100301,90301,HUANUCO,DOS DE MAYO,LA UNION
100307,90307,HUANUCO,DOS DE MAYO,CHUQUIS
100311,90312,HUANUCO,DOS DE MAYO,MARIAS
100313,90314,HUANUCO,DOS DE MAYO,PACHAS
100316,90316,HUANUCO,DOS DE MAYO,QUIVILLA
100317,90317,HUANUCO,DOS DE MAYO,RIPAN
100321,90321,HUANUCO,DOS DE MAYO,SHUNQUI
100322,90322,HUANUCO,DOS DE MAYO,SILLAPATA
100323,90323,HUANUCO,DOS DE MAYO,YANAS
100401,90901,HUANUCO,HUACAYBAMBA,HUACAYBAMBA
100402,90903,HUANUCO,HUACAYBAMBA,CANCHABAMBA
100403,90904,HUANUCO,HUACAYBAMBA,COCHABAMBA
100404,90902,HUANUCO,HUACAYBAMBA,PINRA
100501,90401,HUANUCO,HUAMALIES,LLATA
100502,90402,HUANUCO,HUAMALIES,ARANCAY
100503,90403,HUANUCO,HUAMALIES,CHAVIN DE PARIARCA
100504,90404,HUANUCO,HUAMALIES,JACAS GRANDE
100505,90405,HUANUCO,HUAMALIES,JIRCAN
100506,90406,HUANUCO,HUAMALIES,MIRAFLORES
100507,90407,HUANUCO,HUAMALIES,MONZON
100508,90408,HUANUCO,HUAMALIES,PUNCHAO
100509,90409,HUANUCO,HUAMALIES,PUÑOS
100510,90410,HUANUCO,HUAMALIES,SINGA
100511,90411,HUANUCO,HUAMALIES,TANTAMAYO
100601,90601,HUANUCO,LEONCIO PRADO,RUPA-RUPA
100602,90602,HUANUCO,LEONCIO PRADO,DANIEL ALOMIAS ROBLES
100603,90603,HUANUCO,LEONCIO PRADO,HERMILIO VALDIZAN
100604,90606,HUANUCO,LEONCIO PRADO,JOSE CRESPO Y CASTILLO
100605,90604,HUANUCO,LEONCIO PRADO,LUYANDO
100606,90605,HUANUCO,LEONCIO PRADO,MARIANO DAMASO BERAUN
100607,90607,HUANUCO,LEONCIO PRADO,PUCAYACU
100608,90608,HUANUCO,LEONCIO PRADO,CASTILLO GRANDE
100609,90609,HUANUCO,LEONCIO PRADO,PUEBLO NUEVO
100610,90610,HUANUCO,LEONCIO PRADO,SANTO DOMINGO DE ANDA
100701,90501,HUANUCO,MARAÑON,HUACRACHUCO
100702,90502,HUANUCO,MARAÑON,CHOLON
100703,90505,HUANUCO,MARAÑON,SAN BUENAVENTURA
100704,90506,HUANUCO,MARAÑON,LA MORADA
100705,90507,HUANUCO,MARAÑON,SANTA ROSA DE ALTO YANAJANCA
100801,90701,HUANUCO,PACHITEA,PANAO
100802,90702,HUANUCO,PACHITEA,CHAGLLA
100803,90704,HUANUCO,PACHITEA,MOLINO
100804,90706,HUANUCO,PACHITEA,UMARI
100901,90802,HUANUCO,PUERTO INCA,PUERTO INCA
100902,90803,HUANUCO,PUERTO INCA,CODO DEL POZUZO
100903,90801,HUANUCO,PUERTO INCA,HONORIA
100904,90804,HUANUCO,PUERTO INCA,TOURNAVISTA
100905,90805,HUANUCO,PUERTO INCA,YUYAPICHIS
101001,91001,HUANUCO,LAURICOCHA,JESUS
101002,91002,HUANUCO,LAURICOCHA,BAÑOS
101003,91007,HUANUCO,LAURICOCHA,JIVIA
101004,91004,HUANUCO,LAURICOCHA,QUEROPALCA
101005,91006,HUANUCO,LAURICOCHA,RONDOS
101006,91003,HUANUCO,LAURICOCHA,SAN FRANCISCO DE ASIS
101007,91005,HUANUCO,LAURICOCHA,SAN MIGUEL DE CAURI
101101,91101,HUANUCO,YAROWILCA,CHAVINILLO
101102,91103,HUANUCO,YAROWILCA,CAHUAC
101103,91104,HUANUCO,YAROWILCA,CHACABAMBA
101104,91102,HUANUCO,YAROWILCA,APARICIO POMARES
101105,91105,HUANUCO,YAROWILCA,JACAS CHICO
101106,91106,HUANUCO,YAROWILCA,OBAS
101107,91107,HUANUCO,YAROWILCA,PAMPAMARCA
101108,91108,HUANUCO,YAROWILCA,CHORAS
110101,100101,ICA,ICA,ICA
110102,100102,ICA,ICA,LA TINGUIÑA
110103,100103,ICA,ICA,LOS AQUIJES
110104,100114,ICA,ICA,OCUCAJE
110105,100113,ICA,ICA,PACHACUTEC
110106,100104,ICA,ICA,PARCONA
110107,100105,ICA,ICA,PUEBLO NUEVO
110108,100106,ICA,ICA,SALAS
110109,100107,ICA,ICA,SAN JOSE DE LOS MOLINOS
110110,100108,ICA,ICA,SAN JUAN BAUTISTA
110111,100109,ICA,ICA,SANTIAGO
110112,100110,ICA,ICA,SUBTANJALLA
110113,100112,ICA,ICA,TATE
110114,100111,ICA,ICA,YAUCA DEL ROSARIO
110201,100201,ICA,CHINCHA,CHINCHA ALTA
110202,100209,ICA,CHINCHA,ALTO LARAN
110203,100202,ICA,CHINCHA,CHAVIN
110204,100203,ICA,CHINCHA,CHINCHA BAJA
110205,100204,ICA,CHINCHA,EL CARMEN
110206,100205,ICA,CHINCHA,GROCIO PRADO
110207,100210,ICA,CHINCHA,PUEBLO NUEVO
110208,100211,ICA,CHINCHA,SAN JUAN DE YANAC
110209,100206,ICA,CHINCHA,SAN PEDRO DE HUACARPANA
110210,100207,ICA,CHINCHA,SUNAMPE
110211,100208,ICA,CHINCHA,TAMBO DE MORA
110301,100301,ICA,NAZCA,NAZCA
110302,100302,ICA,NAZCA,CHANGUILLO
110303,100303,ICA,NAZCA,EL INGENIO
110304,100304,ICA,NAZCA,MARCONA
110305,100305,ICA,NAZCA,VISTA ALEGRE
110401,100501,ICA,PALPA,PALPA
110402,100502,ICA,PALPA,LLIPATA
110403,100503,ICA,PALPA,RIO GRANDE
110404,100504,ICA,PALPA,SANTA CRUZ
110405,100505,ICA,PALPA,TIBILLO
110501,100401,ICA,PISCO,PISCO
110502,100402,ICA,PISCO,HUANCANO
110503,100403,ICA,PISCO,HUMAY
110504,100404,ICA,PISCO,INDEPENDENCIA
110505,100405,ICA,PISCO,PARACAS
110506,100406,ICA,PISCO,SAN ANDRES
110507,100407,ICA,PISCO,SAN CLEMENTE
110508,100408,ICA,PISCO,TUPAC AMARU INCA
120101,110101,JUNIN,HUANCAYO,HUANCAYO
120104,110103,JUNIN,HUANCAYO,CARHUACALLANGA
120105,110106,JUNIN,HUANCAYO,CHACAPAMPA
120106,110107,JUNIN,HUANCAYO,CHICCHE
120107,110108,JUNIN,HUANCAYO,CHILCA
120108,110109,JUNIN,HUANCAYO,CHONGOS ALTO
120111,110112,JUNIN,HUANCAYO,CHUPURO
120112,110104,JUNIN,HUANCAYO,COLCA
120113,110105,JUNIN,HUANCAYO,CULLHUAS
120114,110113,JUNIN,HUANCAYO,EL TAMBO
120116,110114,JUNIN,HUANCAYO,HUACRAPUQUIO
120117,110116,JUNIN,HUANCAYO,HUALHUAS
120119,110118,JUNIN,HUANCAYO,HUANCAN
120120,110119,JUNIN,HUANCAYO,HUASICANCHA
120121,110120,JUNIN,HUANCAYO,HUAYUCACHI
120122,110121,JUNIN,HUANCAYO,INGENIO
120124,110122,JUNIN,HUANCAYO,PARIAHUANCA
120125,110123,JUNIN,HUANCAYO,PILCOMAYO
120126,110124,JUNIN,HUANCAYO,PUCARA
120127,110125,JUNIN,HUANCAYO,QUICHUAY
120128,110126,JUNIN,HUANCAYO,QUILCAS
120129,110127,JUNIN,HUANCAYO,SAN AGUSTIN
120130,110128,JUNIN,HUANCAYO,SAN JERONIMO DE TUNAN
120132,110132,JUNIN,HUANCAYO,SAÑO
120133,110133,JUNIN,HUANCAYO,SAPALLANGA
120134,110134,JUNIN,HUANCAYO,SICAYA
120135,110131,JUNIN,HUANCAYO,SANTO DOMINGO DE ACOBAMBA
120136,110136,JUNIN,HUANCAYO,VIQUES
120201,110201,JUNIN,CONCEPCION,CONCEPCION
120202,110202,JUNIN,CONCEPCION,ACO
120203,110203,JUNIN,CONCEPCION,ANDAMARCA
120204,110206,JUNIN,CONCEPCION,CHAMBARA
120205,110205,JUNIN,CONCEPCION,COCHAS
120206,110204,JUNIN,CONCEPCION,COMAS
120207,110207,JUNIN,CONCEPCION,HEROINAS TOLEDO
120208,110208,JUNIN,CONCEPCION,MANZANARES
120209,110209,JUNIN,CONCEPCION,MARISCAL CASTILLA
120210,110210,JUNIN,CONCEPCION,MATAHUASI
120211,110211,JUNIN,CONCEPCION,MITO
120212,110212,JUNIN,CONCEPCION,NUEVE DE JULIO
120213,110213,JUNIN,CONCEPCION,ORCOTUNA
120214,110215,JUNIN,CONCEPCION,SAN JOSE DE QUERO
120215,110214,JUNIN,CONCEPCION,SANTA ROSA DE OCOPA
120301,110801,JUNIN,CHANCHAMAYO,CHANCHAMAYO
120302,110806,JUNIN,CHANCHAMAYO,PERENE
120303,110805,JUNIN,CHANCHAMAYO,PICHANAQUI
120304,110804,JUNIN,CHANCHAMAYO,SAN LUIS DE SHUARO
120305,110802,JUNIN,CHANCHAMAYO,SAN RAMON
120306,110803,JUNIN,CHANCHAMAYO,VITOC
120401,110301,JUNIN,JAUJA,JAUJA
120402,110302,JUNIN,JAUJA,ACOLLA
120403,110303,JUNIN,JAUJA,APATA
120404,110304,JUNIN,JAUJA,ATAURA
120405,110305,JUNIN,JAUJA,CANCHAYLLO
120406,110331,JUNIN,JAUJA,CURICACA
120407,110306,JUNIN,JAUJA,EL MANTARO
120408,110307,JUNIN,JAUJA,HUAMALI
120409,110308,JUNIN,JAUJA,HUARIPAMPA
120410,110309,JUNIN,JAUJA,HUERTAS
120411,110310,JUNIN,JAUJA,JANJAILLO
120412,110311,JUNIN,JAUJA,JULCAN
120413,110312,JUNIN,JAUJA,LEONOR ORDOÑEZ
120414,110313,JUNIN,JAUJA,LLOCLLAPAMPA
120415,110314,JUNIN,JAUJA,MARCO
120416,110315,JUNIN,JAUJA,MASMA
120417,110332,JUNIN,JAUJA,MASMA CHICCHE
120418,110316,JUNIN,JAUJA,MOLINOS
120419,110317,JUNIN,JAUJA,MONOBAMBA
120420,110318,JUNIN,JAUJA,MUQUI
120421,110319,JUNIN,JAUJA,MUQUIYAUYO
120422,110320,JUNIN,JAUJA,PACA
120423,110321,JUNIN,JAUJA,PACCHA
120424,110322,JUNIN,JAUJA,PANCAN
120425,110323,JUNIN,JAUJA,PARCO
120426,110324,JUNIN,JAUJA,POMACANCHA
120427,110325,JUNIN,JAUJA,RICRAN
120428,110326,JUNIN,JAUJA,SAN LORENZO
120429,110327,JUNIN,JAUJA,SAN PEDRO DE CHUNAN
120430,110333,JUNIN,JAUJA,SAUSA
120431,110328,JUNIN,JAUJA,SINCOS
120432,110329,JUNIN,JAUJA,TUNAN MARCA
120433,110330,JUNIN,JAUJA,YAULI
120434,110334,JUNIN,JAUJA,YAUYOS
120501,110401,JUNIN,JUNIN,JUNIN
120502,110402,JUNIN,JUNIN,CARHUAMAYO
120503,110403,JUNIN,JUNIN,ONDORES
120504,110404,JUNIN,JUNIN,ULCUMAYO
120601,110701,JUNIN,SATIPO,SATIPO
120602,110702,JUNIN,SATIPO,COVIRIALI
120603,110703,JUNIN,SATIPO,LLAYLLA
120604,110704,JUNIN,SATIPO,MAZAMARI
120605,110705,JUNIN,SATIPO,PAMPA HERMOSA
120606,110706,JUNIN,SATIPO,PANGOA
120607,110707,JUNIN,SATIPO,RIO NEGRO
120608,110708,JUNIN,SATIPO,RIO TAMBO
120609,110709,JUNIN,SATIPO,VIZCATAN DEL ENE
120701,110501,JUNIN,TARMA,TARMA
120702,110502,JUNIN,TARMA,ACOBAMBA
120703,110503,JUNIN,TARMA,HUARICOLCA
120704,110504,JUNIN,TARMA,HUASAHUASI
120705,110505,JUNIN,TARMA,LA UNION
120706,110506,JUNIN,TARMA,PALCA
120707,110507,JUNIN,TARMA,PALCAMAYO
120708,110508,JUNIN,TARMA,SAN PEDRO DE CAJAS
120709,110509,JUNIN,TARMA,TAPO
120801,110601,JUNIN,YAULI,LA OROYA
120802,110602,JUNIN,YAULI,CHACAPALPA
120803,110603,JUNIN,YAULI,HUAY-HUAY
120804,110604,JUNIN,YAULI,MARCAPOMACOCHA
120805,110605,JUNIN,YAULI,MOROCOCHA
120806,110606,JUNIN,YAULI,PACCHA
120807,110607,JUNIN,YAULI,SANTA BARBARA DE CARHUACAYAN
120808,110610,JUNIN,YAULI,SANTA ROSA DE SACCO
120809,110608,JUNIN,YAULI,SUITUCANCHA
120810,110609,JUNIN,YAULI,YAULI
120901,110901,JUNIN,CHUPACA,CHUPACA
120902,110902,JUNIN,CHUPACA,AHUAC
120903,110903,JUNIN,CHUPACA,CHONGOS BAJO
120904,110904,JUNIN,CHUPACA,HUACHAC
120905,110905,JUNIN,CHUPACA,HUAMANCACA CHICO
120906,110906,JUNIN,CHUPACA,SAN JUAN DE YSCOS
120907,110907,JUNIN,CHUPACA,SAN JUAN DE JARPA
120908,110908,JUNIN,CHUPACA,TRES DE DICIEMBRE
120909,110909,JUNIN,CHUPACA,YANACANCHA
130101,120101,LA LIBERTAD,TRUJILLO,TRUJILLO
130102,120110,LA LIBERTAD,TRUJILLO,EL PORVENIR
130103,120112,LA LIBERTAD,TRUJILLO,FLORENCIA DE MORA
130104,120102,LA LIBERTAD,TRUJILLO,HUANCHACO
130105,120111,LA LIBERTAD,TRUJILLO,LA ESPERANZA
130106,120103,LA LIBERTAD,TRUJILLO,LAREDO
130107,120104,LA LIBERTAD,TRUJILLO,MOCHE
130108,120109,LA LIBERTAD,TRUJILLO,POROTO
130109,120105,LA LIBERTAD,TRUJILLO,SALAVERRY
130110,120106,LA LIBERTAD,TRUJILLO,SIMBAL
130111,120107,LA LIBERTAD,TRUJILLO,VICTOR LARCO HERRERA
130201,120801,LA LIBERTAD,ASCOPE,ASCOPE
130202,120802,LA LIBERTAD,ASCOPE,CHICAMA
130203,120803,LA LIBERTAD,ASCOPE,CHOCOPE
130204,120805,LA LIBERTAD,ASCOPE,MAGDALENA DE CAO
130205,120806,LA LIBERTAD,ASCOPE,PAIJAN
130206,120807,LA LIBERTAD,ASCOPE,RAZURI
130207,120804,LA LIBERTAD,ASCOPE,SANTIAGO DE CAO
130208,120808,LA LIBERTAD,ASCOPE,CASA GRANDE
130301,120201,LA LIBERTAD,BOLIVAR,BOLIVAR
130302,120202,LA LIBERTAD,BOLIVAR,BAMBAMARCA
130303,120203,LA LIBERTAD,BOLIVAR,CONDORMARCA
130304,120204,LA LIBERTAD,BOLIVAR,LONGOTEA
130305,120206,LA LIBERTAD,BOLIVAR,UCHUMARCA
130306,120205,LA LIBERTAD,BOLIVAR,UCUNCHA
130401,120901,LA LIBERTAD,CHEPEN,CHEPEN
130402,120902,LA LIBERTAD,CHEPEN,PACANGA
130403,120903,LA LIBERTAD,CHEPEN,PUEBLO NUEVO
130501,121001,LA LIBERTAD,JULCAN,JULCAN
130502,121003,LA LIBERTAD,JULCAN,CALAMARCA
130503,121002,LA LIBERTAD,JULCAN,CARABAMBA
130504,121004,LA LIBERTAD,JULCAN,HUASO
130601,120401,LA LIBERTAD,OTUZCO,OTUZCO
130602,120402,LA LIBERTAD,OTUZCO,AGALLPAMPA
130604,120403,LA LIBERTAD,OTUZCO,CHARAT
130605,120404,LA LIBERTAD,OTUZCO,HUARANCHAL
130606,120405,LA LIBERTAD,OTUZCO,LA CUESTA
130608,120413,LA LIBERTAD,OTUZCO,MACHE
130610,120408,LA LIBERTAD,OTUZCO,PARANDAY
130611,120409,LA LIBERTAD,OTUZCO,SALPO
130613,120410,LA LIBERTAD,OTUZCO,SINSICAP
130614,120411,LA LIBERTAD,OTUZCO,USQUIL
130701,120501,LA LIBERTAD,PACASMAYO,SAN PEDRO DE LLOC
130702,120503,LA LIBERTAD,PACASMAYO,GUADALUPE
130703,120504,LA LIBERTAD,PACASMAYO,JEQUETEPEQUE
130704,120506,LA LIBERTAD,PACASMAYO,PACASMAYO
130705,120508,LA LIBERTAD,PACASMAYO,SAN JOSE
130801,120601,LA LIBERTAD,PATAZ,TAYABAMBA
130802,120602,LA LIBERTAD,PATAZ,BULDIBUYO
130803,120603,LA LIBERTAD,PATAZ,CHILLIA
130804,120605,LA LIBERTAD,PATAZ,HUANCASPATA
130805,120604,LA LIBERTAD,PATAZ,HUAYLILLAS
130806,120606,LA LIBERTAD,PATAZ,HUAYO
130807,120607,LA LIBERTAD,PATAZ,ONGON
130808,120608,LA LIBERTAD,PATAZ,PARCOY
130809,120609,LA LIBERTAD,PATAZ,PATAZ
130810,120610,LA LIBERTAD,PATAZ,PIAS
130811,120613,LA LIBERTAD,PATAZ,SANTIAGO DE CHALLAS
130812,120611,LA LIBERTAD,PATAZ,TAURIJA
130813,120612,LA LIBERTAD,PATAZ,URPAY
130901,120301,LA LIBERTAD,SANCHEZ CARRION,HUAMACHUCO
130902,120304,LA LIBERTAD,SANCHEZ CARRION,CHUGAY
130903,120302,LA LIBERTAD,SANCHEZ CARRION,COCHORCO
130904,120303,LA LIBERTAD,SANCHEZ CARRION,CURGOS
130905,120305,LA LIBERTAD,SANCHEZ CARRION,MARCABAL
130906,120306,LA LIBERTAD,SANCHEZ CARRION,SANAGORAN
130907,120307,LA LIBERTAD,SANCHEZ CARRION,SARIN
130908,120308,LA LIBERTAD,SANCHEZ CARRION,SARTIMBAMBA
131001,120701,LA LIBERTAD,SANTIAGO DE CHUCO,SANTIAGO DE CHUCO
131002,120708,LA LIBERTAD,SANTIAGO DE CHUCO,ANGASMARCA
131003,120702,LA LIBERTAD,SANTIAGO DE CHUCO,CACHICADAN
131004,120703,LA LIBERTAD,SANTIAGO DE CHUCO,MOLLEBAMBA
131005,120704,LA LIBERTAD,SANTIAGO DE CHUCO,MOLLEPATA
131006,120705,LA LIBERTAD,SANTIAGO DE CHUCO,QUIRUVILCA
131007,120706,LA LIBERTAD,SANTIAGO DE CHUCO,SANTA CRUZ DE CHUCA
131008,120707,LA LIBERTAD,SANTIAGO DE CHUCO,SITABAMBA
131101,121101,LA LIBERTAD,GRAN CHIMU,CASCAS
131102,121102,LA LIBERTAD,GRAN CHIMU,LUCMA
131103,121103,LA LIBERTAD,GRAN CHIMU,MARMOT
131104,121104,LA LIBERTAD,GRAN CHIMU,SAYAPULLO
131201,121201,LA LIBERTAD,VIRU,VIRU
131202,121202,LA LIBERTAD,VIRU,CHAO
131203,121203,LA LIBERTAD,VIRU,GUADALUPITO
140101,130101,LAMBAYEQUE,CHICLAYO,CHICLAYO
140102,130102,LAMBAYEQUE,CHICLAYO,CHONGOYAPE
140103,130103,LAMBAYEQUE,CHICLAYO,ETEN
140104,130104,LAMBAYEQUE,CHICLAYO,ETEN PUERTO
140105,130112,LAMBAYEQUE,CHICLAYO,JOSE LEONARDO ORTIZ
140106,130115,LAMBAYEQUE,CHICLAYO,LA VICTORIA
140107,130105,LAMBAYEQUE,CHICLAYO,LAGUNAS
140108,130106,LAMBAYEQUE,CHICLAYO,MONSEFU
140109,130107,LAMBAYEQUE,CHICLAYO,NUEVA ARICA
140110,130108,LAMBAYEQUE,CHICLAYO,OYOTUN
140111,130109,LAMBAYEQUE,CHICLAYO,PICSI
140112,130110,LAMBAYEQUE,CHICLAYO,PIMENTEL
140113,130111,LAMBAYEQUE,CHICLAYO,REQUE
140114,130113,LAMBAYEQUE,CHICLAYO,SANTA ROSA
140115,130114,LAMBAYEQUE,CHICLAYO,SAÑA
140116,130116,LAMBAYEQUE,CHICLAYO,CAYALTI
140117,130117,LAMBAYEQUE,CHICLAYO,PATAPO
140118,130118,LAMBAYEQUE,CHICLAYO,POMALCA
140119,130119,LAMBAYEQUE,CHICLAYO,PUCALA
140120,130120,LAMBAYEQUE,CHICLAYO,TUMAN
140201,130201,LAMBAYEQUE,FERREÑAFE,FERREÑAFE
140202,130203,LAMBAYEQUE,FERREÑAFE,CAÑARIS
140203,130202,LAMBAYEQUE,FERREÑAFE,INCAHUASI
140204,130206,LAMBAYEQUE,FERREÑAFE,MANUEL ANTONIO MESONES MURO
140205,130204,LAMBAYEQUE,FERREÑAFE,PITIPO
140206,130205,LAMBAYEQUE,FERREÑAFE,PUEBLO NUEVO
140301,130301,LAMBAYEQUE,LAMBAYEQUE,LAMBAYEQUE
140302,130302,LAMBAYEQUE,LAMBAYEQUE,CHOCHOPE
140303,130303,LAMBAYEQUE,LAMBAYEQUE,ILLIMO
140304,130304,LAMBAYEQUE,LAMBAYEQUE,JAYANCA
140305,130305,LAMBAYEQUE,LAMBAYEQUE,MOCHUMI
140306,130306,LAMBAYEQUE,LAMBAYEQUE,MORROPE
140307,130307,LAMBAYEQUE,LAMBAYEQUE,MOTUPE
140308,130308,LAMBAYEQUE,LAMBAYEQUE,OLMOS
140309,130309,LAMBAYEQUE,LAMBAYEQUE,PACORA
140310,130310,LAMBAYEQUE,LAMBAYEQUE,SALAS
140311,130311,LAMBAYEQUE,LAMBAYEQUE,SAN JOSE
140312,130312,LAMBAYEQUE,LAMBAYEQUE,TUCUME
150101,140101,LIMA,LIMA,LIMA
150102,140102,LIMA,LIMA,ANCON
150103,140103,LIMA,LIMA,ATE
150104,140125,LIMA,LIMA,BARRANCO
150105,140104,LIMA,LIMA,BREÑA
150106,140105,LIMA,LIMA,CARABAYLLO
150107,140107,LIMA,LIMA,CHACLACAYO
150108,140108,LIMA,LIMA,CHORRILLOS
150109,140139,LIMA,LIMA,CIENEGUILLA
150110,140106,LIMA,LIMA,COMAS
150111,140135,LIMA,LIMA,EL AGUSTINO
150112,140134,LIMA,LIMA,INDEPENDENCIA
150113,140133,LIMA,LIMA,JESUS MARIA
150114,140110,LIMA,LIMA,LA MOLINA
150115,140109,LIMA,LIMA,LA VICTORIA
150116,140111,LIMA,LIMA,LINCE
150117,140142,LIMA,LIMA,LOS OLIVOS
150118,140112,LIMA,LIMA,LURIGANCHO
150119,140113,LIMA,LIMA,LURIN
150120,140114,LIMA,LIMA,MAGDALENA DEL MAR
150121,140117,LIMA,LIMA,PUEBLO LIBRE
150122,140115,LIMA,LIMA,MIRAFLORES
150123,140116,LIMA,LIMA,PACHACAMAC
150124,140118,LIMA,LIMA,PUCUSANA
150125,140119,LIMA,LIMA,PUENTE PIEDRA
150126,140120,LIMA,LIMA,PUNTA HERMOSA
150127,140121,LIMA,LIMA,PUNTA NEGRA
150128,140122,LIMA,LIMA,RIMAC
150129,140123,LIMA,LIMA,SAN BARTOLO
150130,140140,LIMA,LIMA,SAN BORJA
150131,140124,LIMA,LIMA,SAN ISIDRO
150132,140137,LIMA,LIMA,SAN JUAN DE LURIGANCHO
150133,140136,LIMA,LIMA,SAN JUAN DE MIRAFLORES
150134,140138,LIMA,LIMA,SAN LUIS
150135,140126,LIMA,LIMA,SAN MARTIN DE PORRES
150136,140127,LIMA,LIMA,SAN MIGUEL
150137,140143,LIMA,LIMA,SANTA ANITA
150138,140128,LIMA,LIMA,SANTA MARIA DEL MAR
150139,140129,LIMA,LIMA,SANTA ROSA
150140,140130,LIMA,LIMA,SANTIAGO DE SURCO
150141,140131,LIMA,LIMA,SURQUILLO
150142,140141,LIMA,LIMA,VILLA EL SALVADOR
150143,140132,LIMA,LIMA,VILLA MARIA DEL TRIUNFO
150144,NA,LIMA,LIMA,SANTA MARIA DE HUACHIPA
150201,140901,LIMA,BARRANCA,BARRANCA
150202,140902,LIMA,BARRANCA,PARAMONGA
150203,140903,LIMA,BARRANCA,PATIVILCA
150204,140904,LIMA,BARRANCA,SUPE
150205,140905,LIMA,BARRANCA,SUPE PUERTO
150301,140201,LIMA,CAJATAMBO,CAJATAMBO
150302,140205,LIMA,CAJATAMBO,COPA
150303,140206,LIMA,CAJATAMBO,GORGOR
150304,140207,LIMA,CAJATAMBO,HUANCAPON
150305,140208,LIMA,CAJATAMBO,MANAS
150401,140301,LIMA,CANTA,CANTA
150402,140302,LIMA,CANTA,ARAHUAY
150403,140303,LIMA,CANTA,HUAMANTANGA
150404,140304,LIMA,CANTA,HUAROS
150405,140305,LIMA,CANTA,LACHAQUI
150406,140306,LIMA,CANTA,SAN BUENAVENTURA
150407,140307,LIMA,CANTA,SANTA ROSA DE QUIVES
150501,140401,LIMA,CAÑETE,SAN VICENTE DE CAÑETE
150502,140416,LIMA,CAÑETE,ASIA
150503,140402,LIMA,CAÑETE,CALANGO
150504,140403,LIMA,CAÑETE,CERRO AZUL
150505,140405,LIMA,CAÑETE,CHILCA
150506,140404,LIMA,CAÑETE,COAYLLO
150507,140406,LIMA,CAÑETE,IMPERIAL
150508,140407,LIMA,CAÑETE,LUNAHUANA
150509,140408,LIMA,CAÑETE,MALA
150510,140409,LIMA,CAÑETE,NUEVO IMPERIAL
150511,140410,LIMA,CAÑETE,PACARAN
150512,140411,LIMA,CAÑETE,QUILMANA
150513,140412,LIMA,CAÑETE,SAN ANTONIO
150514,140413,LIMA,CAÑETE,SAN LUIS
150515,140414,LIMA,CAÑETE,SANTA CRUZ DE FLORES
150516,140415,LIMA,CAÑETE,ZUÑIGA
150601,140801,LIMA,HUARAL,HUARAL
150602,140802,LIMA,HUARAL,ATAVILLOS ALTO
150603,140803,LIMA,HUARAL,ATAVILLOS BAJO
150604,140804,LIMA,HUARAL,AUCALLAMA
150605,140805,LIMA,HUARAL,CHANCAY
150606,140806,LIMA,HUARAL,IHUARI
150607,140807,LIMA,HUARAL,LAMPIAN
150608,140808,LIMA,HUARAL,PACARAOS
150609,140809,LIMA,HUARAL,SAN MIGUEL DE ACOS
150610,140811,LIMA,HUARAL,SANTA CRUZ DE ANDAMARCA
150611,140812,LIMA,HUARAL,SUMBILCA
150612,140810,LIMA,HUARAL,VEINTISIETE DE NOVIEMBRE
150701,140601,LIMA,HUAROCHIRI,MATUCANA
150702,140602,LIMA,HUAROCHIRI,ANTIOQUIA
150703,140603,LIMA,HUAROCHIRI,CALLAHUANCA
150704,140604,LIMA,HUAROCHIRI,CARAMPOMA
150705,140607,LIMA,HUAROCHIRI,CHICLA
150706,140606,LIMA,HUAROCHIRI,CUENCA
150707,140630,LIMA,HUAROCHIRI,HUACHUPAMPA
150708,140608,LIMA,HUAROCHIRI,HUANZA
150709,140609,LIMA,HUAROCHIRI,HUAROCHIRI
150710,140610,LIMA,HUAROCHIRI,LAHUAYTAMBO
150711,140611,LIMA,HUAROCHIRI,LANGA
150712,140631,LIMA,HUAROCHIRI,LARAOS
150713,140612,LIMA,HUAROCHIRI,MARIATANA
150714,140613,LIMA,HUAROCHIRI,RICARDO PALMA
150715,140614,LIMA,HUAROCHIRI,SAN ANDRES DE TUPICOCHA
150716,140615,LIMA,HUAROCHIRI,SAN ANTONIO
150717,140616,LIMA,HUAROCHIRI,SAN BARTOLOME
150718,140617,LIMA,HUAROCHIRI,SAN DAMIAN
150719,140632,LIMA,HUAROCHIRI,SAN JUAN DE IRIS
150720,140619,LIMA,HUAROCHIRI,SAN JUAN DE TANTARANCHE
150721,140620,LIMA,HUAROCHIRI,SAN LORENZO DE QUINTI
150722,140621,LIMA,HUAROCHIRI,SAN MATEO
150723,140622,LIMA,HUAROCHIRI,SAN MATEO DE OTAO
150724,140605,LIMA,HUAROCHIRI,SAN PEDRO DE CASTA
150725,140623,LIMA,HUAROCHIRI,SAN PEDRO DE HUANCAYRE
150726,140618,LIMA,HUAROCHIRI,SANGALLAYA
150727,140624,LIMA,HUAROCHIRI,SANTA CRUZ DE COCACHACRA
150728,140625,LIMA,HUAROCHIRI,SANTA EULALIA
150729,140626,LIMA,HUAROCHIRI,SANTIAGO DE ANCHUCAYA
150730,140627,LIMA,HUAROCHIRI,SANTIAGO DE TUNA
150731,140628,LIMA,HUAROCHIRI,SANTO DOMINGO DE LOS OLLEROS
150732,140629,LIMA,HUAROCHIRI,SURCO
150801,140501,LIMA,HUAURA,HUACHO
150802,140502,LIMA,HUAURA,AMBAR
150803,140504,LIMA,HUAURA,CALETA DE CARQUIN
150804,140505,LIMA,HUAURA,CHECRAS
150805,140506,LIMA,HUAURA,HUALMAY
150806,140507,LIMA,HUAURA,HUAURA
150807,140508,LIMA,HUAURA,LEONCIO PRADO
150808,140509,LIMA,HUAURA,PACCHO
150809,140511,LIMA,HUAURA,SANTA LEONOR
150810,140512,LIMA,HUAURA,SANTA MARIA
150811,140513,LIMA,HUAURA,SAYAN
150812,140516,LIMA,HUAURA,VEGUETA
150901,141001,LIMA,OYON,OYON
150902,141004,LIMA,OYON,ANDAJES
150903,141003,LIMA,OYON,CAUJUL
150904,141006,LIMA,OYON,COCHAMARCA
150905,141002,LIMA,OYON,NAVAN
150906,141005,LIMA,OYON,PACHANGARA
151001,140701,LIMA,YAUYOS,YAUYOS
151002,140702,LIMA,YAUYOS,ALIS
151003,140703,LIMA,YAUYOS,AYAUCA
151004,140704,LIMA,YAUYOS,AYAVIRI
151005,140705,LIMA,YAUYOS,AZANGARO
151006,140706,LIMA,YAUYOS,CACRA
151007,140707,LIMA,YAUYOS,CARANIA
151008,140733,LIMA,YAUYOS,CATAHUASI
151009,140710,LIMA,YAUYOS,CHOCOS
151010,140708,LIMA,YAUYOS,COCHAS
151011,140709,LIMA,YAUYOS,COLONIA
151012,140730,LIMA,YAUYOS,HONGOS
151013,140711,LIMA,YAUYOS,HUAMPARA
151014,140712,LIMA,YAUYOS,HUANCAYA
151015,140713,LIMA,YAUYOS,HUANGASCAR
151016,140714,LIMA,YAUYOS,HUANTAN
151017,140715,LIMA,YAUYOS,HUAÑEC
151018,140716,LIMA,YAUYOS,LARAOS
151019,140717,LIMA,YAUYOS,LINCHA
151020,140731,LIMA,YAUYOS,MADEAN
151021,140718,LIMA,YAUYOS,MIRAFLORES
151022,140719,LIMA,YAUYOS,OMAS
151023,140732,LIMA,YAUYOS,PUTINZA
151024,140720,LIMA,YAUYOS,QUINCHES
151025,140721,LIMA,YAUYOS,QUINOCAY
151026,140722,LIMA,YAUYOS,SAN JOAQUIN
151027,140723,LIMA,YAUYOS,SAN PEDRO DE PILAS
151028,140724,LIMA,YAUYOS,TANTA
151029,140725,LIMA,YAUYOS,TAURIPAMPA
151030,140727,LIMA,YAUYOS,TOMAS
151031,140726,LIMA,YAUYOS,TUPE
151032,140728,LIMA,YAUYOS,VIÑAC
151033,140729,LIMA,YAUYOS,VITIS
160101,150101,LORETO,MAYNAS,IQUITOS
160102,150102,LORETO,MAYNAS,ALTO NANAY
160103,150103,LORETO,MAYNAS,FERNANDO LORES
160104,150110,LORETO,MAYNAS,INDIANA
160105,150104,LORETO,MAYNAS,LAS AMAZONAS
160106,150105,LORETO,MAYNAS,MAZAN
160107,150106,LORETO,MAYNAS,NAPO
160108,150111,LORETO,MAYNAS,PUNCHANA
160109,150107,LORETO,MAYNAS,PUTUMAYO
160110,150108,LORETO,MAYNAS,TORRES CAUSANA
160112,150112,LORETO,MAYNAS,BELEN
160113,150113,LORETO,MAYNAS,SAN JUAN BAUTISTA
160114,150114,LORETO,MAYNAS,TENIENTE MANUEL CLAVERO
160201,150201,LORETO,ALTO AMAZONAS,YURIMAGUAS
160202,150202,LORETO,ALTO AMAZONAS,BALSAPUERTO
160205,150205,LORETO,ALTO AMAZONAS,JEBEROS
160206,150206,LORETO,ALTO AMAZONAS,LAGUNAS
160210,150210,LORETO,ALTO AMAZONAS,SANTA CRUZ
160211,150211,LORETO,ALTO AMAZONAS,TENIENTE CESAR LOPEZ ROJAS
160301,150301,LORETO,LORETO,NAUTA
160302,150302,LORETO,LORETO,PARINARI
160303,150303,LORETO,LORETO,TIGRE
160304,150305,LORETO,LORETO,TROMPETEROS
160305,150304,LORETO,LORETO,URARINAS
160401,150601,LORETO,MARISCAL RAMON CASTILLA,RAMON CASTILLA
160402,150602,LORETO,MARISCAL RAMON CASTILLA,PEBAS
160403,150603,LORETO,MARISCAL RAMON CASTILLA,YAVARI
160404,150604,LORETO,MARISCAL RAMON CASTILLA,SAN PABLO
160501,150401,LORETO,REQUENA,REQUENA
160502,150402,LORETO,REQUENA,ALTO TAPICHE
160503,150403,LORETO,REQUENA,CAPELO
160504,150404,LORETO,REQUENA,EMILIO SAN MARTIN
160505,150405,LORETO,REQUENA,MAQUIA
160506,150406,LORETO,REQUENA,PUINAHUA
160507,150407,LORETO,REQUENA,SAQUENA
160508,150408,LORETO,REQUENA,SOPLIN
160509,150409,LORETO,REQUENA,TAPICHE
160510,150410,LORETO,REQUENA,JENARO HERRERA
160511,150411,LORETO,REQUENA,YAQUERANA
160601,150501,LORETO,UCAYALI,CONTAMANA
160602,150506,LORETO,UCAYALI,INAHUAYA
160603,150503,LORETO,UCAYALI,PADRE MARQUEZ
160604,150504,LORETO,UCAYALI,PAMPA HERMOSA
160605,150505,LORETO,UCAYALI,SARAYACU
160606,150502,LORETO,UCAYALI,VARGAS GUERRA
160701,150701,LORETO,DATEM DEL MARAÑON,BARRANCA
160702,150703,LORETO,DATEM DEL MARAÑON,CAHUAPANAS
160703,150704,LORETO,DATEM DEL MARAÑON,MANSERICHE
160704,150705,LORETO,DATEM DEL MARAÑON,MORONA
160705,150706,LORETO,DATEM DEL MARAÑON,PASTAZA
160706,150702,LORETO,DATEM DEL MARAÑON,ANDOAS
160801,150901,LORETO,PUTUMAYO,PUTUMAYO
160802,150902,LORETO,PUTUMAYO,ROSA PANDURO
160803,150903,LORETO,PUTUMAYO,TENIENTE MANUEL CLAVERO
160804,150904,LORETO,PUTUMAYO,YAGUAS
170101,160101,MADRE DE DIOS,TAMBOPATA,TAMBOPATA
170102,160102,MADRE DE DIOS,TAMBOPATA,INAMBARI
170103,160103,MADRE DE DIOS,TAMBOPATA,LAS PIEDRAS
170104,160104,MADRE DE DIOS,TAMBOPATA,LABERINTO
170201,160201,MADRE DE DIOS,MANU,MANU
170202,160202,MADRE DE DIOS,MANU,FITZCARRALD
170203,160203,MADRE DE DIOS,MANU,MADRE DE DIOS
170204,160204,MADRE DE DIOS,MANU,HUEPETUHE
170301,160301,MADRE DE DIOS,TAHUAMANU,IÑAPARI
170302,160302,MADRE DE DIOS,TAHUAMANU,IBERIA
170303,160303,MADRE DE DIOS,TAHUAMANU,TAHUAMANU
180101,170101,MOQUEGUA,MARISCAL NIETO,MOQUEGUA
180102,170102,MOQUEGUA,MARISCAL NIETO,CARUMAS
180103,170103,MOQUEGUA,MARISCAL NIETO,CUCHUMBAYA
180104,170106,MOQUEGUA,MARISCAL NIETO,SAMEGUA
180105,170104,MOQUEGUA,MARISCAL NIETO,SAN CRISTOBAL
180106,170105,MOQUEGUA,MARISCAL NIETO,TORATA
180201,170201,MOQUEGUA,GENERAL SANCHEZ CERRO,OMATE
180202,170203,MOQUEGUA,GENERAL SANCHEZ CERRO,CHOJATA
180203,170202,MOQUEGUA,GENERAL SANCHEZ CERRO,COALAQUE
180204,170204,MOQUEGUA,GENERAL SANCHEZ CERRO,ICHUÑA
180205,170205,MOQUEGUA,GENERAL SANCHEZ CERRO,LA CAPILLA
180206,170206,MOQUEGUA,GENERAL SANCHEZ CERRO,LLOQUE
180207,170207,MOQUEGUA,GENERAL SANCHEZ CERRO,MATALAQUE
180208,170208,MOQUEGUA,GENERAL SANCHEZ CERRO,PUQUINA
180209,170209,MOQUEGUA,GENERAL SANCHEZ CERRO,QUINISTAQUILLAS
180210,170210,MOQUEGUA,GENERAL SANCHEZ CERRO,UBINAS
180211,170211,MOQUEGUA,GENERAL SANCHEZ CERRO,YUNGA
180301,170301,MOQUEGUA,ILO,ILO
180302,170302,MOQUEGUA,ILO,EL ALGARROBAL
180303,170303,MOQUEGUA,ILO,PACOCHA
190101,180101,PASCO,PASCO,CHAUPIMARCA
190102,180103,PASCO,PASCO,HUACHON
190103,180104,PASCO,PASCO,HUARIACA
190104,180105,PASCO,PASCO,HUAYLLAY
190105,180106,PASCO,PASCO,NINACACA
190106,180107,PASCO,PASCO,PALLANCHACRA
190107,180108,PASCO,PASCO,PAUCARTAMBO
190108,180109,PASCO,PASCO,SAN FRANCISCO DE ASIS DE YARUSYACAN
190109,180110,PASCO,PASCO,SIMON BOLIVAR
190110,180111,PASCO,PASCO,TICLACAYAN
190111,180112,PASCO,PASCO,TINYAHUARCO
190112,180113,PASCO,PASCO,VICCO
190113,180114,PASCO,PASCO,YANACANCHA
190201,180201,PASCO,DANIEL ALCIDES CARRION,YANAHUANCA
190202,180202,PASCO,DANIEL ALCIDES CARRION,CHACAYAN
190203,180203,PASCO,DANIEL ALCIDES CARRION,GOYLLARISQUIZGA
190204,180204,PASCO,DANIEL ALCIDES CARRION,PAUCAR
190205,180205,PASCO,DANIEL ALCIDES CARRION,SAN PEDRO DE PILLAO
190206,180206,PASCO,DANIEL ALCIDES CARRION,SANTA ANA DE TUSI
190207,180207,PASCO,DANIEL ALCIDES CARRION,TAPUC
190208,180208,PASCO,DANIEL ALCIDES CARRION,VILCABAMBA
190301,180301,PASCO,OXAPAMPA,OXAPAMPA
190302,180302,PASCO,OXAPAMPA,CHONTABAMBA
190303,180303,PASCO,OXAPAMPA,HUANCABAMBA
190304,180307,PASCO,OXAPAMPA,PALCAZU
190305,180306,PASCO,OXAPAMPA,POZUZO
190306,180304,PASCO,OXAPAMPA,PUERTO BERMUDEZ
190307,180305,PASCO,OXAPAMPA,VILLA RICA
190308,180308,PASCO,OXAPAMPA,CONSTITUCION
200101,190101,PIURA,PIURA,PIURA
200104,190103,PIURA,PIURA,CASTILLA
200105,190104,PIURA,PIURA,CATACAOS
200107,190113,PIURA,PIURA,CURA MORI
200108,190114,PIURA,PIURA,EL TALLAN
200109,190105,PIURA,PIURA,LA ARENA
200110,190106,PIURA,PIURA,LA UNION
200111,190107,PIURA,PIURA,LAS LOMAS
200114,190109,PIURA,PIURA,TAMBO GRANDE
200115,190115,PIURA,PIURA,VEINTISEIS DE OCTUBRE
200201,190201,PIURA,AYABACA,AYABACA
200202,190202,PIURA,AYABACA,FRIAS
200203,190209,PIURA,AYABACA,JILILI
200204,190203,PIURA,AYABACA,LAGUNAS
200205,190204,PIURA,AYABACA,MONTERO
200206,190205,PIURA,AYABACA,PACAIPAMPA
200207,190210,PIURA,AYABACA,PAIMAS
200208,190206,PIURA,AYABACA,SAPILLICA
200209,190207,PIURA,AYABACA,SICCHEZ
200210,190208,PIURA,AYABACA,SUYO
200301,190301,PIURA,HUANCABAMBA,HUANCABAMBA
200302,190302,PIURA,HUANCABAMBA,CANCHAQUE
200303,190306,PIURA,HUANCABAMBA,EL CARMEN DE LA FRONTERA
200304,190303,PIURA,HUANCABAMBA,HUARMACA
200305,190308,PIURA,HUANCABAMBA,LALAQUIZ
200306,190307,PIURA,HUANCABAMBA,SAN MIGUEL DE EL FAIQUE
200307,190304,PIURA,HUANCABAMBA,SONDOR
200308,190305,PIURA,HUANCABAMBA,SONDORILLO
200401,190401,PIURA,MORROPON,CHULUCANAS
200402,190402,PIURA,MORROPON,BUENOS AIRES
200403,190403,PIURA,MORROPON,CHALACO
200404,190408,PIURA,MORROPON,LA MATANZA
200405,190404,PIURA,MORROPON,MORROPON
200406,190405,PIURA,MORROPON,SALITRAL
200407,190410,PIURA,MORROPON,SAN JUAN DE BIGOTE
200408,190406,PIURA,MORROPON,SANTA CATALINA DE MOSSA
200409,190407,PIURA,MORROPON,SANTO DOMINGO
200410,190409,PIURA,MORROPON,YAMANGO
200501,190501,PIURA,PAITA,PAITA
200502,190502,PIURA,PAITA,AMOTAPE
200503,190503,PIURA,PAITA,ARENAL
200504,190505,PIURA,PAITA,COLAN
200505,190504,PIURA,PAITA,LA HUACA
200506,190506,PIURA,PAITA,TAMARINDO
200507,190507,PIURA,PAITA,VICHAYAL
200601,190601,PIURA,SULLANA,SULLANA
200602,190602,PIURA,SULLANA,BELLAVISTA
200603,190608,PIURA,SULLANA,IGNACIO ESCUDERO
200604,190603,PIURA,SULLANA,LANCONES
200605,190604,PIURA,SULLANA,MARCAVELICA
200606,190605,PIURA,SULLANA,MIGUEL CHECA
200607,190606,PIURA,SULLANA,QUERECOTILLO
200608,190607,PIURA,SULLANA,SALITRAL
200701,190701,PIURA,TALARA,PARIÑAS
200702,190702,PIURA,TALARA,EL ALTO
200703,190703,PIURA,TALARA,LA BREA
200704,190704,PIURA,TALARA,LOBITOS
200705,190706,PIURA,TALARA,LOS ORGANOS
200706,190705,PIURA,TALARA,MANCORA
200801,190801,PIURA,SECHURA,SECHURA
200802,190804,PIURA,SECHURA,BELLAVISTA DE LA UNION
200803,190803,PIURA,SECHURA,BERNAL
200804,190805,PIURA,SECHURA,CRISTO NOS VALGA
200805,190802,PIURA,SECHURA,VICE
200806,190806,PIURA,SECHURA,RINCONADA LLICUAR
210101,200101,PUNO,PUNO,PUNO
210102,200102,PUNO,PUNO,ACORA
210103,200115,PUNO,PUNO,AMANTANI
210104,200103,PUNO,PUNO,ATUNCOLLA
210105,200104,PUNO,PUNO,CAPACHICA
210106,200106,PUNO,PUNO,CHUCUITO
210107,200105,PUNO,PUNO,COATA
210108,200107,PUNO,PUNO,HUATA
210109,200108,PUNO,PUNO,MAÑAZO
210110,200109,PUNO,PUNO,PAUCARCOLLA
210111,200110,PUNO,PUNO,PICHACANI
210112,200114,PUNO,PUNO,PLATERIA
210113,200111,PUNO,PUNO,SAN ANTONIO
210114,200112,PUNO,PUNO,TIQUILLACA
210115,200113,PUNO,PUNO,VILQUE
210201,200201,PUNO,AZANGARO,AZANGARO
210202,200202,PUNO,AZANGARO,ACHAYA
210203,200203,PUNO,AZANGARO,ARAPA
210204,200204,PUNO,AZANGARO,ASILLO
210205,200205,PUNO,AZANGARO,CAMINACA
210206,200206,PUNO,AZANGARO,CHUPA
210207,200207,PUNO,AZANGARO,JOSE DOMINGO CHOQUEHUANCA
210208,200208,PUNO,AZANGARO,MUÑANI
210209,200210,PUNO,AZANGARO,POTONI
210210,200212,PUNO,AZANGARO,SAMAN
210211,200213,PUNO,AZANGARO,SAN ANTON
210212,200214,PUNO,AZANGARO,SAN JOSE
210213,200215,PUNO,AZANGARO,SAN JUAN DE SALINAS
210214,200216,PUNO,AZANGARO,SANTIAGO DE PUPUJA
210215,200217,PUNO,AZANGARO,TIRAPATA
210301,200301,PUNO,CARABAYA,MACUSANI
210302,200302,PUNO,CARABAYA,AJOYANI
210303,200303,PUNO,CARABAYA,AYAPATA
210304,200304,PUNO,CARABAYA,COASA
210305,200305,PUNO,CARABAYA,CORANI
210306,200306,PUNO,CARABAYA,CRUCERO
210307,200307,PUNO,CARABAYA,ITUATA
210308,200308,PUNO,CARABAYA,OLLACHEA
210309,200309,PUNO,CARABAYA,SAN GABAN
210310,200310,PUNO,CARABAYA,USICAYOS
210401,200401,PUNO,CHUCUITO,JULI
210402,200402,PUNO,CHUCUITO,DESAGUADERO
210403,200403,PUNO,CHUCUITO,HUACULLANI
210404,200412,PUNO,CHUCUITO,KELLUYO
210405,200406,PUNO,CHUCUITO,PISACOMA
210406,200407,PUNO,CHUCUITO,POMATA
210407,200410,PUNO,CHUCUITO,ZEPITA
210501,201201,PUNO,EL COLLAO,ILAVE
210502,201204,PUNO,EL COLLAO,CAPAZO
210503,201202,PUNO,EL COLLAO,PILCUYO
210504,201203,PUNO,EL COLLAO,SANTA ROSA
210505,201205,PUNO,EL COLLAO,CONDURIRI
210601,200501,PUNO,HUANCANE,HUANCANE
210602,200502,PUNO,HUANCANE,COJATA
210603,200511,PUNO,HUANCANE,HUATASANI
210604,200504,PUNO,HUANCANE,INCHUPALLA
210605,200506,PUNO,HUANCANE,PUSI
210606,200507,PUNO,HUANCANE,ROSASPATA
210607,200508,PUNO,HUANCANE,TARACO
210608,200509,PUNO,HUANCANE,VILQUE CHICO
210701,200601,PUNO,LAMPA,LAMPA
210702,200602,PUNO,LAMPA,CABANILLA
210703,200603,PUNO,LAMPA,CALAPUJA
210704,200604,PUNO,LAMPA,NICASIO
210705,200605,PUNO,LAMPA,OCUVIRI
210706,200606,PUNO,LAMPA,PALCA
210707,200607,PUNO,LAMPA,PARATIA
210708,200608,PUNO,LAMPA,PUCARA
210709,200609,PUNO,LAMPA,SANTA LUCIA
210710,200610,PUNO,LAMPA,VILAVILA
210801,200701,PUNO,MELGAR,AYAVIRI
210802,200702,PUNO,MELGAR,ANTAUTA
210803,200703,PUNO,MELGAR,CUPI
210804,200704,PUNO,MELGAR,LLALLI
210805,200705,PUNO,MELGAR,MACARI
210806,200706,PUNO,MELGAR,NUÑOA
210807,200707,PUNO,MELGAR,ORURILLO
210808,200708,PUNO,MELGAR,SANTA ROSA
210809,200709,PUNO,MELGAR,UMACHIRI
210901,201301,PUNO,MOHO,MOHO
210902,201302,PUNO,MOHO,CONIMA
210903,201304,PUNO,MOHO,HUAYRAPATA
210904,201303,PUNO,MOHO,TILALI
211001,201101,PUNO,SAN ANTONIO DE PUTINA,PUTINA
211002,201104,PUNO,SAN ANTONIO DE PUTINA,ANANEA
211003,201102,PUNO,SAN ANTONIO DE PUTINA,PEDRO VILCA APAZA
211004,201103,PUNO,SAN ANTONIO DE PUTINA,QUILCAPUNCU
211005,201105,PUNO,SAN ANTONIO DE PUTINA,SINA
211101,200901,PUNO,SAN ROMAN,JULIACA
211102,200902,PUNO,SAN ROMAN,CABANA
211103,200903,PUNO,SAN ROMAN,CABANILLAS
211104,200904,PUNO,SAN ROMAN,CARACOTO
211105,200905,PUNO,SAN ROMAN,SAN MIGUEL
211201,200801,PUNO,SANDIA,SANDIA
211202,200803,PUNO,SANDIA,CUYOCUYO
211203,200804,PUNO,SANDIA,LIMBANI
211204,200806,PUNO,SANDIA,PATAMBUCO
211205,200805,PUNO,SANDIA,PHARA
211206,200807,PUNO,SANDIA,QUIACA
211207,200808,PUNO,SANDIA,SAN JUAN DEL ORO
211208,200810,PUNO,SANDIA,YANAHUAYA
211209,200811,PUNO,SANDIA,ALTO INAMBARI
211210,200812,PUNO,SANDIA,SAN PEDRO DE PUTINA PUNCO
211301,201001,PUNO,YUNGUYO,YUNGUYO
211302,201003,PUNO,YUNGUYO,ANAPIA
211303,201004,PUNO,YUNGUYO,COPANI
211304,201005,PUNO,YUNGUYO,CUTURAPI
211305,201006,PUNO,YUNGUYO,OLLARAYA
211306,201007,PUNO,YUNGUYO,TINICACHI
211307,201002,PUNO,YUNGUYO,UNICACHI
220101,210101,SAN MARTIN,MOYOBAMBA,MOYOBAMBA
220102,210102,SAN MARTIN,MOYOBAMBA,CALZADA
220103,210103,SAN MARTIN,MOYOBAMBA,HABANA
220104,210104,SAN MARTIN,MOYOBAMBA,JEPELACIO
220105,210105,SAN MARTIN,MOYOBAMBA,SORITOR
220106,210106,SAN MARTIN,MOYOBAMBA,YANTALO
220201,210701,SAN MARTIN,BELLAVISTA,BELLAVISTA
220202,210704,SAN MARTIN,BELLAVISTA,ALTO BIAVO
220203,210706,SAN MARTIN,BELLAVISTA,BAJO BIAVO
220204,210705,SAN MARTIN,BELLAVISTA,HUALLAGA
220205,210703,SAN MARTIN,BELLAVISTA,SAN PABLO
220206,210702,SAN MARTIN,BELLAVISTA,SAN RAFAEL
220301,211001,SAN MARTIN,EL DORADO,SAN JOSE DE SISA
220302,211002,SAN MARTIN,EL DORADO,AGUA BLANCA
220303,211004,SAN MARTIN,EL DORADO,SAN MARTIN
220304,211005,SAN MARTIN,EL DORADO,SANTA ROSA
220305,211003,SAN MARTIN,EL DORADO,SHATOJA
220401,210201,SAN MARTIN,HUALLAGA,SAPOSOA
220402,210205,SAN MARTIN,HUALLAGA,ALTO SAPOSOA
220403,210206,SAN MARTIN,HUALLAGA,EL ESLABON
220404,210202,SAN MARTIN,HUALLAGA,PISCOYACU
220405,210203,SAN MARTIN,HUALLAGA,SACANCHE
220406,210204,SAN MARTIN,HUALLAGA,TINGO DE SAPOSOA
220501,210301,SAN MARTIN,LAMAS,LAMAS
220502,210315,SAN MARTIN,LAMAS,ALONSO DE ALVARADO
220503,210303,SAN MARTIN,LAMAS,BARRANQUITA
220504,210304,SAN MARTIN,LAMAS,CAYNARACHI
220505,210305,SAN MARTIN,LAMAS,CUÑUMBUQUI
220506,210306,SAN MARTIN,LAMAS,PINTO RECODO
220507,210307,SAN MARTIN,LAMAS,RUMISAPA
220508,210316,SAN MARTIN,LAMAS,SAN ROQUE DE CUMBAZA
220509,210311,SAN MARTIN,LAMAS,SHANAO
220510,210313,SAN MARTIN,LAMAS,TABALOSOS
220511,210314,SAN MARTIN,LAMAS,ZAPATERO
220601,210401,SAN MARTIN,MARISCAL CACERES,JUANJUI
220602,210402,SAN MARTIN,MARISCAL CACERES,CAMPANILLA
220603,210403,SAN MARTIN,MARISCAL CACERES,HUICUNGO
220604,210404,SAN MARTIN,MARISCAL CACERES,PACHIZA
220605,210405,SAN MARTIN,MARISCAL CACERES,PAJARILLO
220701,210901,SAN MARTIN,PICOTA,PICOTA
220702,210902,SAN MARTIN,PICOTA,BUENOS AIRES
220703,210903,SAN MARTIN,PICOTA,CASPISAPA
220704,210904,SAN MARTIN,PICOTA,PILLUANA
220705,210905,SAN MARTIN,PICOTA,PUCACACA
220706,210906,SAN MARTIN,PICOTA,SAN CRISTOBAL
220707,210907,SAN MARTIN,PICOTA,SAN HILARION
220708,210910,SAN MARTIN,PICOTA,SHAMBOYACU
220709,210908,SAN MARTIN,PICOTA,TINGO DE PONASA
220710,210909,SAN MARTIN,PICOTA,TRES UNIDOS
220801,210501,SAN MARTIN,RIOJA,RIOJA
220802,210509,SAN MARTIN,RIOJA,AWAJUN
220803,210506,SAN MARTIN,RIOJA,ELIAS SOPLIN VARGAS
220804,210505,SAN MARTIN,RIOJA,NUEVA CAJAMARCA
220805,210508,SAN MARTIN,RIOJA,PARDO MIGUEL
220806,210502,SAN MARTIN,RIOJA,POSIC
220807,210507,SAN MARTIN,RIOJA,SAN FERNANDO
220808,210503,SAN MARTIN,RIOJA,YORONGOS
220809,210504,SAN MARTIN,RIOJA,YURACYACU
220901,210601,SAN MARTIN,SAN MARTIN,TARAPOTO
220902,210602,SAN MARTIN,SAN MARTIN,ALBERTO LEVEAU
220903,210604,SAN MARTIN,SAN MARTIN,CACATACHI
220904,210606,SAN MARTIN,SAN MARTIN,CHAZUTA
220905,210607,SAN MARTIN,SAN MARTIN,CHIPURANA
220906,210608,SAN MARTIN,SAN MARTIN,EL PORVENIR
220907,210609,SAN MARTIN,SAN MARTIN,HUIMBAYOC
220908,210610,SAN MARTIN,SAN MARTIN,JUAN GUERRA
220909,210621,SAN MARTIN,SAN MARTIN,LA BANDA DE SHILCAYO
220910,210611,SAN MARTIN,SAN MARTIN,MORALES
220911,210612,SAN MARTIN,SAN MARTIN,PAPAPLAYA
220912,210616,SAN MARTIN,SAN MARTIN,SAN ANTONIO
220913,210619,SAN MARTIN,SAN MARTIN,SAUCE
220914,210620,SAN MARTIN,SAN MARTIN,SHAPAJA
221001,210801,SAN MARTIN,TOCACHE,TOCACHE
221002,210802,SAN MARTIN,TOCACHE,NUEVO PROGRESO
221003,210803,SAN MARTIN,TOCACHE,POLVORA
221004,210804,SAN MARTIN,TOCACHE,SHUNTE
221005,210805,SAN MARTIN,TOCACHE,UCHIZA
221006,210806,SAN MARTIN,TOCACHE,SANTA LUCIA
230101,220101,TACNA,TACNA,TACNA
230102,220111,TACNA,TACNA,ALTO DE LA ALIANZA
230103,220102,TACNA,TACNA,CALANA
230104,220112,TACNA,TACNA,CIUDAD NUEVA
230105,220104,TACNA,TACNA,INCLAN
230106,220107,TACNA,TACNA,PACHIA
230107,220108,TACNA,TACNA,PALCA
230108,220109,TACNA,TACNA,POCOLLAY
230109,220110,TACNA,TACNA,SAMA
230110,220113,TACNA,TACNA,CORONEL GREGORIO ALBARRACIN LANCHIPA
230111,220114,TACNA,TACNA,LA YARADA LOS PALOS
230201,220401,TACNA,CANDARAVE,CANDARAVE
230202,220402,TACNA,CANDARAVE,CAIRANI
230203,220406,TACNA,CANDARAVE,CAMILACA
230204,220403,TACNA,CANDARAVE,CURIBAYA
230205,220404,TACNA,CANDARAVE,HUANUARA
230206,220405,TACNA,CANDARAVE,QUILAHUANI
230301,220301,TACNA,JORGE BASADRE,LOCUMBA
230302,220303,TACNA,JORGE BASADRE,ILABAYA
230303,220302,TACNA,JORGE BASADRE,ITE
230401,220201,TACNA,TARATA,TARATA
230402,220205,TACNA,TARATA,HEROES ALBARRACIN CHUCATAMANI
230403,220206,TACNA,TARATA,ESTIQUE
230404,220207,TACNA,TARATA,ESTIQUE-PAMPA
230405,220210,TACNA,TARATA,SITAJARA
230406,220211,TACNA,TARATA,SUSAPAYA
230407,220212,TACNA,TARATA,TARUCACHI
230408,220213,TACNA,TARATA,TICACO
240101,230101,TUMBES,TUMBES,TUMBES
240102,230102,TUMBES,TUMBES,CORRALES
240103,230103,TUMBES,TUMBES,LA CRUZ
240104,230104,TUMBES,TUMBES,PAMPAS DE HOSPITAL
240105,230105,TUMBES,TUMBES,SAN JACINTO
240106,230106,TUMBES,TUMBES,SAN JUAN DE LA VIRGEN
240201,230201,TUMBES,CONTRALMIRANTE VILLAR,ZORRITOS
240202,230202,TUMBES,CONTRALMIRANTE VILLAR,CASITAS
240203,230203,TUMBES,CONTRALMIRANTE VILLAR,CANOAS DE PUNTA SAL
240301,230301,TUMBES,ZARUMILLA,ZARUMILLA
240302,230304,TUMBES,ZARUMILLA,AGUAS VERDES
240303,230302,TUMBES,ZARUMILLA,MATAPALO
240304,230303,TUMBES,ZARUMILLA,PAPAYAL
250101,250101,UCAYALI,CORONEL PORTILLO,CALLERIA
250102,250104,UCAYALI,CORONEL PORTILLO,CAMPOVERDE
250103,250105,UCAYALI,CORONEL PORTILLO,IPARIA
250104,250103,UCAYALI,CORONEL PORTILLO,MASISEA
250105,250102,UCAYALI,CORONEL PORTILLO,YARINACOCHA
250106,250106,UCAYALI,CORONEL PORTILLO,NUEVA REQUENA
250107,250107,UCAYALI,CORONEL PORTILLO,MANANTAY
250201,250301,UCAYALI,ATALAYA,RAYMONDI
250202,250304,UCAYALI,ATALAYA,SEPAHUA
250203,250302,UCAYALI,ATALAYA,TAHUANIA
250204,250303,UCAYALI,ATALAYA,YURUA
250301,250201,UCAYALI,PADRE ABAD,PADRE ABAD
250302,250202,UCAYALI,PADRE ABAD,IRAZOLA
250303,250203,UCAYALI,PADRE ABAD,CURIMANA
250304,250204,UCAYALI,PADRE ABAD,NESHUYA
250305,250205,UCAYALI,PADRE ABAD,ALEXANDER VON HUMBOLDT
250306,250207,UCAYALI,PADRE ABAD,HUIPOCA
250307,250206,UCAYALI,PADRE ABAD,BOQUERON
250401,250401,UCAYALI,PURUS,PURUS
NA,170107,MOQUEGUA,MARISCAL NIETO,SAN ANTONIO
